[
  {
    "customerNumber": "A-036104",
    "accountName": "Villa Medici",
    "address": "1033 Northeast 17th Way",
    "city": "Fort Lauderdale",
    "state": "FL",
    "zip": "33304",
    "latitude": 26.1387722,
    "longitude": -80.12453889999999,
    "monthlyPrice": 347,
    "yearlyPrice": 4164,
    "routeTech": "25 AFP Route Carlos S",
    "territory": "AFP - West Broward",
    "dayOfService": "Monday, Wednesday, Friday",
    "accountType": "Commercial"
  },
  {
    "customerNumber": "A-036138",
    "accountName": "Long Lake Ranches West",
    "address": "3181 Birch Terrace",
    "city": "Davie",
    "state": "FL",
    "zip": "33330",
    "latitude": 26.0792266,
    "longitude": -80.2995547,
    "monthlyPrice": 1064,
    "yearlyPrice": 12768,
    "routeTech": "25 AFP Route Carlos S",
    "territory": "AFP - West Broward",
    "dayOfService": "Monday, Wednesday, Friday",
    "accountType": "Commercial"
  },
  {
    "customerNumber": "A-036768",
    "accountName": "Coinco Investment Co Inc",
    "address": "1755 N.E. 164th Street",
    "city": "North Miami Beach",
    "state": "FL",
    "zip": "33162",
    "latitude": 25.9273391,
    "longitude": -80.1646205,
    "monthlyPrice": 403.55,
    "yearlyPrice": 4842.6,
    "routeTech": "15 AFP Route Kymani P",
    "territory": "AFP - NW Miami",
    "dayOfService": "Tuesday, Friday",
    "accountType": "Commercial"
  },
  {
    "customerNumber": "A-037065",
    "accountName": "Palms Association of Alton Road",
    "address": "1025 Alton Road",
    "city": "Miami Beach",
    "state": "FL",
    "zip": "33139",
    "latitude": 25.7811661,
    "longitude": -80.1406494,
    "monthlyPrice": 213,
    "yearlyPrice": 2556,
    "routeTech": "22 AFP Route Ramon R",
    "territory": "AFP - Miami Beach",
    "dayOfService": "Tuesday, Friday",
    "accountType": "Commercial"
  },
  {
    "customerNumber": "A-037136",
    "accountName": "Anchor Bay Club Condominium",
    "address": "300 Three Island Boulevard",
    "city": "Hallandale",
    "state": "FL",
    "zip": "33009",
    "latitude": 25.9904184,
    "longitude": -80.12539579999999,
    "monthlyPrice": 647,
    "yearlyPrice": 7764,
    "routeTech": "25 AFP Route Carlos S",
    "territory": "AFP - West Broward",
    "dayOfService": "Monday",
    "accountType": "Commercial"
  },
  {
    "customerNumber": "A-037217",
    "accountName": "Brickell 25",
    "address": "145 S.E. 25th Road",
    "city": "Miami",
    "state": "FL",
    "zip": "33131",
    "latitude": 25.7498564,
    "longitude": -80.20154149999999,
    "monthlyPrice": 250,
    "yearlyPrice": 3000,
    "routeTech": "11 AFP Route Honatann B",
    "territory": "AFP - Downtown Miami",
    "dayOfService": "Monday",
    "accountType": "Commercial"
  },
  {
    "customerNumber": "A-037219",
    "accountName": "Sail Condo Association Inc",
    "address": "170 S.E. 14th Street",
    "city": "Miami",
    "state": "FL",
    "zip": "33131",
    "latitude": 25.7597362,
    "longitude": -80.1907397,
    "monthlyPrice": 392,
    "yearlyPrice": 4704,
    "routeTech": "11 AFP Route Honatann B",
    "territory": "AFP - Downtown Miami",
    "dayOfService": "Tuesday, Friday",
    "accountType": "Commercial"
  },
  {
    "customerNumber": "A-037223",
    "accountName": "Lofts At Mayfair",
    "address": "3339 Virginia Street",
    "city": "Miami",
    "state": "FL",
    "zip": "33133",
    "latitude": 25.7292736,
    "longitude": -80.2413442,
    "monthlyPrice": 393,
    "yearlyPrice": 4716,
    "routeTech": "14 AFP Route Jorge A",
    "territory": "AFP - SW Miami",
    "dayOfService": "Tuesday",
    "accountType": "Commercial"
  },
  {
    "customerNumber": "A-037224",
    "accountName": "Cloisters on the Bay Condominium",
    "address": "3471 Main Highway",
    "city": "Miami",
    "state": "FL",
    "zip": "33133",
    "latitude": 25.7261265,
    "longitude": -80.2427711,
    "monthlyPrice": 605,
    "yearlyPrice": 7260,
    "routeTech": "14 AFP Route Jorge A",
    "territory": "AFP - SW Miami",
    "dayOfService": "Tuesday, Friday",
    "accountType": "Commercial"
  },
  {
    "customerNumber": "A-037227",
    "accountName": "Grove Towers",
    "address": "2843 South Bayshore Drive",
    "city": "Coconut Grove",
    "state": "FL",
    "zip": "33133",
    "latitude": 25.728269,
    "longitude": -80.2388886,
    "monthlyPrice": 135,
    "yearlyPrice": 1620,
    "routeTech": "14 AFP Route Jorge A",
    "territory": "AFP - SW Miami",
    "dayOfService": "Monday",
    "accountType": "Commercial"
  },
  {
    "customerNumber": "A-037227",
    "accountName": "Grove Towers",
    "address": "2843 South Bayshore Drive",
    "city": "Coconut Grove",
    "state": "FL",
    "zip": "33133",
    "latitude": 25.728269,
    "longitude": -80.2388886,
    "monthlyPrice": 778,
    "yearlyPrice": 9336,
    "routeTech": "14 AFP Route Jorge A",
    "territory": "AFP - SW Miami",
    "dayOfService": "Tuesday, Friday",
    "accountType": "Commercial"
  },
  {
    "customerNumber": "A-037326",
    "accountName": "Catalina Townhomes",
    "address": "288 N.E. 200th Terrace",
    "city": "North Miami Beach",
    "state": "FL",
    "zip": "33179",
    "latitude": 25.9593977,
    "longitude": -80.1959349,
    "monthlyPrice": 884.15,
    "yearlyPrice": 10609.8,
    "routeTech": "25 AFP Route Carlos S",
    "territory": "AFP - NW Miami",
    "dayOfService": "Monday, Wednesday, Friday",
    "accountType": "Commercial"
  },
  {
    "customerNumber": "A-037414",
    "accountName": "Mystic Point Tower 600",
    "address": "3400 Northeast 192 Street",
    "city": "Aventura",
    "state": "FL",
    "zip": "33180",
    "latitude": 25.9541832,
    "longitude": -80.13267689999999,
    "monthlyPrice": 729,
    "yearlyPrice": 8748,
    "routeTech": "23 AFP Route Juan C",
    "territory": "AFP - NW Miami",
    "dayOfService": "Monday, Wednesday, Friday",
    "accountType": "Commercial"
  },
  {
    "customerNumber": "A-037600",
    "accountName": "Cachicamo Llc",
    "address": "3200 Mary Street",
    "city": "Miami",
    "state": "FL",
    "zip": "33133",
    "latitude": 25.7315817,
    "longitude": -80.2399216,
    "monthlyPrice": 192,
    "yearlyPrice": 2304,
    "routeTech": "14 AFP Route Jorge A",
    "territory": "AFP - SW Miami",
    "dayOfService": "Tuesday",
    "accountType": "Commercial"
  },
  {
    "customerNumber": "A-037607",
    "accountName": "Morningside Palm Condo",
    "address": "650 N.E. 61th Street",
    "city": "Miami",
    "state": "FL",
    "zip": "33137",
    "latitude": 25.8323986,
    "longitude": -80.1828858,
    "monthlyPrice": 198,
    "yearlyPrice": 2376,
    "routeTech": "8 AFP Route Spartacus P",
    "territory": "AFP - Downtown Miami",
    "dayOfService": "Tuesday, Friday",
    "accountType": "Commercial"
  },
  {
    "customerNumber": "A-037608",
    "accountName": "Miami Jewish Home & Hospital",
    "address": "5200 N.E. 2nd Avenue",
    "city": "Miami",
    "state": "FL",
    "zip": "33137",
    "latitude": 25.8233259,
    "longitude": -80.1934346,
    "monthlyPrice": 605,
    "yearlyPrice": 7260,
    "routeTech": "15 AFP Route Kymani P",
    "territory": "AFP - Downtown Miami",
    "dayOfService": "Monday",
    "accountType": "Commercial"
  },
  {
    "customerNumber": "A-037608",
    "accountName": "Miami Jewish Home & Hospital",
    "address": "5200 N.E. 2nd Avenue",
    "city": "Miami",
    "state": "FL",
    "zip": "33137",
    "latitude": 25.8233259,
    "longitude": -80.1934346,
    "monthlyPrice": 287,
    "yearlyPrice": 3444,
    "routeTech": "15 AFP Route Kymani P",
    "territory": "AFP - Downtown Miami",
    "dayOfService": "Monday, Wednesday, Friday",
    "accountType": "Commercial"
  },
  {
    "customerNumber": "A-037616",
    "accountName": "Coinco Investment Co. Inc.",
    "address": "7801 North Bay Shore Drive",
    "city": "Miami",
    "state": "FL",
    "zip": "33138",
    "latitude": 25.8465715,
    "longitude": -80.17395119999999,
    "monthlyPrice": 256,
    "yearlyPrice": 3072,
    "routeTech": "8 AFP Route Spartacus P",
    "territory": "AFP - Downtown Miami",
    "dayOfService": "Tuesday",
    "accountType": "Commercial"
  },
  {
    "customerNumber": "A-037617",
    "accountName": "Island Terrace Condominum",
    "address": "5 Island Avenue",
    "city": "Miami Beach",
    "state": "FL",
    "zip": "33139",
    "latitude": 25.7905795,
    "longitude": -80.1494319,
    "monthlyPrice": 418,
    "yearlyPrice": 5016,
    "routeTech": "23 AFP Route Juan C",
    "territory": "AFP - Miami Beach",
    "dayOfService": "Monday",
    "accountType": "Commercial"
  },
  {
    "customerNumber": "A-037704",
    "accountName": "Byron Park Condo",
    "address": "7921 Byron Avenue",
    "city": "Miami Beach",
    "state": "FL",
    "zip": "33141",
    "latitude": 25.8647195,
    "longitude": -80.12362279999999,
    "monthlyPrice": 391,
    "yearlyPrice": 4692,
    "routeTech": "23 AFP Route Juan C",
    "territory": "AFP - Miami Beach",
    "dayOfService": "Tuesday, Thursday",
    "accountType": "Commercial"
  },
  {
    "customerNumber": "A-037713",
    "accountName": "Park Hotel LLC",
    "address": "355 19th Street",
    "city": "Miami Beach",
    "state": "FL",
    "zip": "33139",
    "latitude": 25.795129,
    "longitude": -80.1311994,
    "monthlyPrice": 241,
    "yearlyPrice": 2892,
    "routeTech": "22 AFP Route Ramon R",
    "territory": "AFP - Miami Beach",
    "dayOfService": "Tuesday",
    "accountType": "Commercial"
  },
  {
    "customerNumber": "A-037714",
    "accountName": "Hotel Romina On The Beach",
    "address": "524 Ocean Drive",
    "city": "Miami Beach",
    "state": "FL",
    "zip": "33139",
    "latitude": 25.7752033,
    "longitude": -80.1320933,
    "monthlyPrice": 274,
    "yearlyPrice": 3288,
    "routeTech": "22 AFP Route Ramon R",
    "territory": "AFP - Miami Beach",
    "dayOfService": "Monday, Thursday",
    "accountType": "Commercial"
  },
  {
    "customerNumber": "A-037717",
    "accountName": "Georgian Condo",
    "address": "1621 Collins Avenue",
    "city": "Miami Beach",
    "state": "FL",
    "zip": "33139",
    "latitude": 25.7899347,
    "longitude": -80.12976689999999,
    "monthlyPrice": 452,
    "yearlyPrice": 5424,
    "routeTech": "23 AFP Route Juan C",
    "territory": "AFP - Miami Beach",
    "dayOfService": "Monday",
    "accountType": "Commercial"
  },
  {
    "customerNumber": "A-037719",
    "accountName": "Belle Plaza Condominium",
    "address": "20 Island Avenue",
    "city": "Miami Beach",
    "state": "FL",
    "zip": "33139",
    "latitude": 25.7902935,
    "longitude": -80.1461729,
    "monthlyPrice": 855,
    "yearlyPrice": 10260,
    "routeTech": "nan",
    "territory": "AFP - Miami Beach",
    "dayOfService": "Monday, Tuesday, Thursday, Friday",
    "accountType": "Commercial"
  },
  {
    "customerNumber": "A-037721",
    "accountName": "Octagon Towers",
    "address": "1881 Washington Avenue",
    "city": "Miami Beach",
    "state": "FL",
    "zip": "33139",
    "latitude": 25.7948516,
    "longitude": -80.1316981,
    "monthlyPrice": 404,
    "yearlyPrice": 4848,
    "routeTech": "23 AFP Route Juan C",
    "territory": "AFP - Miami Beach",
    "dayOfService": "Monday",
    "accountType": "Commercial"
  },
  {
    "customerNumber": "A-037723",
    "accountName": "Bellagio Condo",
    "address": "421 Northeast 68th Street",
    "city": "Miami",
    "state": "FL",
    "zip": "33138",
    "latitude": 25.8383752,
    "longitude": -80.1873877,
    "monthlyPrice": 311,
    "yearlyPrice": 3732,
    "routeTech": "8 AFP Route Spartacus P",
    "territory": "AFP - Downtown Miami",
    "dayOfService": "Tuesday, Thursday",
    "accountType": "Commercial"
  },
  {
    "customerNumber": "A-037736",
    "accountName": "Pine Tree Palms Condo",
    "address": "4780 Pinetree Drive",
    "city": "Miami Beach",
    "state": "FL",
    "zip": "33140",
    "latitude": 25.8234619,
    "longitude": -80.1259884,
    "monthlyPrice": 195,
    "yearlyPrice": 2340,
    "routeTech": "23 AFP Route Juan C",
    "territory": "AFP - Miami Beach",
    "dayOfService": "Tuesday, Thursday",
    "accountType": "Commercial"
  },
  {
    "customerNumber": "A-037740",
    "accountName": "Lighthouse Co-op Apartments",
    "address": "4730 Pinetree Drive",
    "city": "Miami Beach",
    "state": "FL",
    "zip": "33140",
    "latitude": 25.8226931,
    "longitude": -80.1263204,
    "monthlyPrice": 145,
    "yearlyPrice": 1740,
    "routeTech": "22 AFP Route Ramon R",
    "territory": "AFP - Miami Beach",
    "dayOfService": "Every week o",
    "accountType": "Commercial"
  },
  {
    "customerNumber": "A-037824",
    "accountName": "Casablanca Villa Condo Associa",
    "address": "6362 Collins Avenue",
    "city": "Miami Beach",
    "state": "FL",
    "zip": "33141",
    "latitude": 25.8455974,
    "longitude": -80.12083090000002,
    "monthlyPrice": 296,
    "yearlyPrice": 3552,
    "routeTech": "23 AFP Route Juan C",
    "territory": "AFP - Miami Beach",
    "dayOfService": "Tuesday, Friday",
    "accountType": "Commercial"
  },
  {
    "customerNumber": "A-037825",
    "accountName": "Tatum BPM Units LLC",
    "address": "7950 Tatum Waterway Drive",
    "city": "Miami Beach",
    "state": "FL",
    "zip": "33141",
    "latitude": 25.8650036,
    "longitude": -80.1252777,
    "monthlyPrice": 296,
    "yearlyPrice": 3552,
    "routeTech": "23 AFP Route Juan C",
    "territory": "AFP - Miami Beach",
    "dayOfService": "Monday, Thursday",
    "accountType": "Commercial"
  },
  {
    "customerNumber": "A-037826",
    "accountName": "Bay Point Apartments",
    "address": "1830 South Treasure Drive",
    "city": "Miami Beach",
    "state": "FL",
    "zip": "33141",
    "latitude": 25.8445088,
    "longitude": -80.1478758,
    "monthlyPrice": 252,
    "yearlyPrice": 3024,
    "routeTech": "22 AFP Route Ramon R",
    "territory": "AFP - Miami Beach",
    "dayOfService": "Tuesday",
    "accountType": "Commercial"
  },
  {
    "customerNumber": "A-037831",
    "accountName": "Beach Place Hotel",
    "address": "8601 Harding Avenue",
    "city": "Miami Beach",
    "state": "FL",
    "zip": "33141",
    "latitude": 25.8711172,
    "longitude": -80.1222269,
    "monthlyPrice": 295,
    "yearlyPrice": 3540,
    "routeTech": "22 AFP Route Ramon R",
    "territory": "AFP - Miami Beach",
    "dayOfService": "Tuesday",
    "accountType": "Commercial"
  },
  {
    "customerNumber": "A-037832",
    "accountName": "International Inn",
    "address": "2301 Normandy Drive",
    "city": "Miami Beach",
    "state": "FL",
    "zip": "33141",
    "latitude": 25.8512909,
    "longitude": -80.1439487,
    "monthlyPrice": 295,
    "yearlyPrice": 3540,
    "routeTech": "22 AFP Route Ramon R",
    "territory": "AFP - Miami Beach",
    "dayOfService": "Monday, Thursday",
    "accountType": "Commercial"
  },
  {
    "customerNumber": "A-037833",
    "accountName": "Gardens On The Bay",
    "address": "6484 Indian Creek Drive",
    "city": "Miami Beach",
    "state": "FL",
    "zip": "33141",
    "latitude": 25.8479294,
    "longitude": -80.1215856,
    "monthlyPrice": 284,
    "yearlyPrice": 3408,
    "routeTech": "22 AFP Route Ramon R",
    "territory": "AFP - Miami Beach",
    "dayOfService": "Monday, Thursday",
    "accountType": "Commercial"
  },
  {
    "customerNumber": "A-037834",
    "accountName": "North Bay Villa",
    "address": "1801 South Treasure Drive",
    "city": "Miami Beach",
    "state": "FL",
    "zip": "33141",
    "latitude": 25.8450158,
    "longitude": -80.1478301,
    "monthlyPrice": 329,
    "yearlyPrice": 3948,
    "routeTech": "23 AFP Route Juan C",
    "territory": "AFP - Miami Beach",
    "dayOfService": "Monday",
    "accountType": "Commercial"
  },
  {
    "customerNumber": "A-037836",
    "accountName": "Bay Plaza Condominium",
    "address": "7125 Bay Drive",
    "city": "Miami Beach",
    "state": "FL",
    "zip": "33141",
    "latitude": 25.8564353,
    "longitude": -80.1279137,
    "monthlyPrice": 236,
    "yearlyPrice": 2832,
    "routeTech": "22 AFP Route Ramon R",
    "territory": "AFP - Miami Beach",
    "dayOfService": "Monday, Thursday",
    "accountType": "Commercial"
  },
  {
    "customerNumber": "A-037842",
    "accountName": "8067 Apartments LLC",
    "address": "8067 S.W. 73rd Avenue",
    "city": "Miami",
    "state": "FL",
    "zip": "33143",
    "latitude": 25.6951001,
    "longitude": -80.3109976,
    "monthlyPrice": 204,
    "yearlyPrice": 2448,
    "routeTech": "14 AFP Route Jorge A",
    "territory": "AFP - SW Miami",
    "dayOfService": "Tuesday",
    "accountType": "Commercial"
  },
  {
    "customerNumber": "A-037847",
    "accountName": "Key Biscayne Ambassador Condo",
    "address": "575 Crandon Boulevard",
    "city": "Key Biscayne",
    "state": "FL",
    "zip": "33149",
    "latitude": 25.690744,
    "longitude": -80.1631053,
    "monthlyPrice": 236,
    "yearlyPrice": 2832,
    "routeTech": "11 AFP Route Honatann B",
    "territory": "AFP - Key Biscayne",
    "dayOfService": "Monday",
    "accountType": "Commercial"
  },
  {
    "customerNumber": "A-037858",
    "accountName": "Lotos Townhomes BPM Units LLC",
    "address": "1101 101st Street",
    "city": "Bay Harbor",
    "state": "FL",
    "zip": "33154",
    "latitude": 25.8918614,
    "longitude": -80.1317145,
    "monthlyPrice": 220,
    "yearlyPrice": 2640,
    "routeTech": "23 AFP Route Juan C",
    "territory": "AFP - Miami Beach",
    "dayOfService": "Tuesday, Thursday",
    "accountType": "Commercial"
  },
  {
    "customerNumber": "A-037899",
    "accountName": "Habitat Condo",
    "address": "1175 101st Street",
    "city": "Bay Harbor",
    "state": "FL",
    "zip": "33154",
    "latitude": 25.8918321,
    "longitude": -80.1330825,
    "monthlyPrice": 184,
    "yearlyPrice": 2208,
    "routeTech": "23 AFP Route Juan C",
    "territory": "AFP - Miami Beach",
    "dayOfService": "Monday, Thursday",
    "accountType": "Commercial"
  },
  {
    "customerNumber": "A-037900",
    "accountName": "9040 Collins Ave LLC",
    "address": "9040 Collins Avenue",
    "city": "Surfside",
    "state": "FL",
    "zip": "33154",
    "latitude": 25.8770632,
    "longitude": -80.1221051,
    "monthlyPrice": 165,
    "yearlyPrice": 1980,
    "routeTech": "22 AFP Route Ramon R",
    "territory": "AFP - Miami Beach",
    "dayOfService": "Wednesday",
    "accountType": "Commercial"
  },
  {
    "customerNumber": "A-037905",
    "accountName": "Belmont Condominium",
    "address": "10101 East Bay Harbor Drive",
    "city": "Bay Harbor",
    "state": "FL",
    "zip": "33154",
    "latitude": 25.8913476,
    "longitude": -80.1306611,
    "monthlyPrice": 398,
    "yearlyPrice": 4776,
    "routeTech": "22 AFP Route Ramon R",
    "territory": "AFP - Miami Beach",
    "dayOfService": "Monday, Thursday",
    "accountType": "Commercial"
  },
  {
    "customerNumber": "A-037906",
    "accountName": "Bouganvillea Condo ** NEED SIGNATURE FOR WORK **",
    "address": "1065 98th Street",
    "city": "Bay Harbor Islands",
    "state": "FL",
    "zip": "33154",
    "latitude": 25.8890175,
    "longitude": -80.130865,
    "monthlyPrice": 202,
    "yearlyPrice": 2424,
    "routeTech": "23 AFP Route Juan C",
    "territory": "AFP - Miami Beach",
    "dayOfService": "Monday, Thursday",
    "accountType": "Commercial"
  },
  {
    "customerNumber": "A-037907",
    "accountName": "Regency Hall Condominium",
    "address": "1155 97th Street",
    "city": "Bay Harbor",
    "state": "FL",
    "zip": "33154",
    "latitude": 25.8879748,
    "longitude": -80.13242939999999,
    "monthlyPrice": 222,
    "yearlyPrice": 2664,
    "routeTech": "22 AFP Route Ramon R",
    "territory": "AFP - Miami Beach",
    "dayOfService": "Tuesday, Thursday",
    "accountType": "Commercial"
  },
  {
    "customerNumber": "A-037908",
    "accountName": "Harbour Bay Condo (Eff. 1/1/24 Balancing Included)",
    "address": "10281 East Bay Harbor Drive",
    "city": "Bay Harbor Islands",
    "state": "FL",
    "zip": "33154",
    "latitude": 25.89366,
    "longitude": -80.1316054,
    "monthlyPrice": 266,
    "yearlyPrice": 3192,
    "routeTech": "23 AFP Route Juan C",
    "territory": "AFP - Miami Beach",
    "dayOfService": "Tuesday",
    "accountType": "Commercial"
  },
  {
    "customerNumber": "A-037912",
    "accountName": "Oceanus Condo",
    "address": "1060 92nd Street",
    "city": "Miami Beach",
    "state": "FL",
    "zip": "33154",
    "latitude": 25.8825843,
    "longitude": -80.13039409999999,
    "monthlyPrice": 230,
    "yearlyPrice": 2760,
    "routeTech": "23 AFP Route Juan C",
    "territory": "AFP - Miami Beach",
    "dayOfService": "Monday, Thursday",
    "accountType": "Commercial"
  },
  {
    "customerNumber": "A-037913",
    "accountName": "Admiralty Inc.",
    "address": "10150 Collins Avenue",
    "city": "Bal Harbor",
    "state": "FL",
    "zip": "33154",
    "latitude": 25.8928443,
    "longitude": -80.1247436,
    "monthlyPrice": 324,
    "yearlyPrice": 3888,
    "routeTech": "22 AFP Route Ramon R",
    "territory": "AFP - Miami Beach",
    "dayOfService": "Monday, Thursday",
    "accountType": "Commercial"
  },
  {
    "customerNumber": "A-037919",
    "accountName": "Montego Club Condominium",
    "address": "10180 West Bay Harbor Drive",
    "city": "Bay Harbor",
    "state": "FL",
    "zip": "33154",
    "latitude": 25.8923094,
    "longitude": -80.13387630000001,
    "monthlyPrice": 265,
    "yearlyPrice": 3180,
    "routeTech": "22 AFP Route Ramon R",
    "territory": "AFP - Miami Beach",
    "dayOfService": "Monday, Thursday",
    "accountType": "Commercial"
  },
  {
    "customerNumber": "A-037929",
    "accountName": "Von-wedel Montessori School",
    "address": "11820 N.E. 13th Avenue",
    "city": "Miami",
    "state": "FL",
    "zip": "33161",
    "latitude": 25.8842008,
    "longitude": -80.17259729999999,
    "monthlyPrice": 386,
    "yearlyPrice": 4632,
    "routeTech": "8 AFP Route Spartacus P",
    "territory": "AFP - NW Miami",
    "dayOfService": "Monday, Thursday",
    "accountType": "Commercial"
  },
  {
    "customerNumber": "A-037932",
    "accountName": "Venture at Aventura",
    "address": "18800 N.E. 29th Avenue",
    "city": "Aventura",
    "state": "FL",
    "zip": "33180",
    "latitude": 25.9492528,
    "longitude": -80.1435977,
    "monthlyPrice": 1148,
    "yearlyPrice": 13776,
    "routeTech": "23 AFP Route Juan C",
    "territory": "AFP - NW Miami",
    "dayOfService": "Tuesday, Friday",
    "accountType": "Commercial"
  },
  {
    "customerNumber": "A-037945",
    "accountName": "The Fairways Apartments, Inc.",
    "address": "400 N.E. 14th Avenue",
    "city": "Hallandale Beach",
    "state": "FL",
    "zip": "33009",
    "latitude": 25.9906255,
    "longitude": -80.1341003,
    "monthlyPrice": 405,
    "yearlyPrice": 4860,
    "routeTech": "25 AFP Route Carlos S",
    "territory": "AFP - West Broward",
    "dayOfService": "Monday",
    "accountType": "Commercial"
  },
  {
    "customerNumber": "A-037948",
    "accountName": "121 Golden Condo",
    "address": "121 Golden Isle Drive",
    "city": "Hallandale",
    "state": "FL",
    "zip": "33009",
    "latitude": 25.9823581,
    "longitude": -80.1233553,
    "monthlyPrice": 284,
    "yearlyPrice": 3408,
    "routeTech": "25 AFP Route Carlos S",
    "territory": "AFP - West Broward",
    "dayOfService": "Tuesday",
    "accountType": "Commercial"
  },
  {
    "customerNumber": "A-037950",
    "accountName": "Coral Haven Apartments",
    "address": "10255 Coral Way",
    "city": "Miami",
    "state": "FL",
    "zip": "33165",
    "latitude": 25.7470781,
    "longitude": -80.3613298,
    "monthlyPrice": 392,
    "yearlyPrice": 4704,
    "routeTech": "14 AFP Route Jorge A",
    "territory": "AFP - SW Miami",
    "dayOfService": "Monday",
    "accountType": "Commercial"
  },
  {
    "customerNumber": "A-038044",
    "accountName": "2925 Indian Creek Drive LLC",
    "address": "2925 Indian Creek Drive",
    "city": "Miami Beach",
    "state": "FL",
    "zip": "33140",
    "latitude": 25.8058389,
    "longitude": -80.1258074,
    "monthlyPrice": 819.25,
    "yearlyPrice": 9831,
    "routeTech": "22 AFP Route Ramon R",
    "territory": "AFP - Miami Beach",
    "dayOfService": "Monday, Wednesday, Friday",
    "accountType": "Commercial"
  },
  {
    "customerNumber": "A-038355",
    "accountName": "Venice Villas Condo (Eff. 1/1/24 Balancing Included)",
    "address": "2233 Calais Drive",
    "city": "Miami Beach",
    "state": "FL",
    "zip": "33141",
    "latitude": 25.8532692,
    "longitude": -80.14440739999999,
    "monthlyPrice": 281,
    "yearlyPrice": 3372,
    "routeTech": "22 AFP Route Ramon R",
    "territory": "AFP - Miami Beach",
    "dayOfService": "Monday, Thursday",
    "accountType": "Commercial"
  },
  {
    "customerNumber": "A-038358",
    "accountName": "WaterPoint Condo",
    "address": "3868 N.E. 169th Street",
    "city": "N Miami Beach",
    "state": "FL",
    "zip": "33160",
    "latitude": 25.9356047,
    "longitude": -80.1331094,
    "monthlyPrice": 188,
    "yearlyPrice": 2256,
    "routeTech": "22 AFP Route Ramon R",
    "territory": "AFP - Miami Beach",
    "dayOfService": "Tuesday, Thursday",
    "accountType": "Commercial"
  },
  {
    "customerNumber": "A-038359",
    "accountName": "Sunny Shores Condo",
    "address": "3716 N.E. 168th Street unit 100",
    "city": "Miami",
    "state": "FL",
    "zip": "33160",
    "latitude": 25.9345361,
    "longitude": -80.1348376,
    "monthlyPrice": 240,
    "yearlyPrice": 2880,
    "routeTech": "22 AFP Route Ramon R",
    "territory": "AFP - Miami Beach",
    "dayOfService": "Tuesday, Thursday",
    "accountType": "Commercial"
  },
  {
    "customerNumber": "A-038360",
    "accountName": "Point East II Condominium",
    "address": "2895 Point East Drive",
    "city": "North Miami Beach",
    "state": "FL",
    "zip": "33160",
    "latitude": 25.940011,
    "longitude": -80.1445605,
    "monthlyPrice": 587,
    "yearlyPrice": 7044,
    "routeTech": "23 AFP Route Juan C",
    "territory": "AFP - Miami Beach",
    "dayOfService": "Monday",
    "accountType": "Commercial"
  },
  {
    "customerNumber": "A-038363",
    "accountName": "Bay Country Club",
    "address": "17720 North Bay Road",
    "city": "Sunny Isles Beach",
    "state": "FL",
    "zip": "33160",
    "latitude": 25.9399653,
    "longitude": -80.1261529,
    "monthlyPrice": 289,
    "yearlyPrice": 3468,
    "routeTech": "22 AFP Route Ramon R",
    "territory": "AFP - Miami Beach",
    "dayOfService": "Monday",
    "accountType": "Commercial"
  },
  {
    "customerNumber": "A-038364",
    "accountName": "Le Maisonneuve Condo",
    "address": "17700 North Bay Road",
    "city": "North Miami Beach",
    "state": "FL",
    "zip": "33160",
    "latitude": 25.9409844,
    "longitude": -80.12572349999999,
    "monthlyPrice": 445,
    "yearlyPrice": 5340,
    "routeTech": "22 AFP Route Ramon R",
    "territory": "AFP - Miami Beach",
    "dayOfService": "Monday",
    "accountType": "Commercial"
  },
  {
    "customerNumber": "A-038365",
    "accountName": "Bayswater Court",
    "address": "2935 N.E. 163rd Street",
    "city": "North Miami Beach",
    "state": "FL",
    "zip": "33160",
    "latitude": 25.9268068,
    "longitude": -80.14163719999999,
    "monthlyPrice": 267,
    "yearlyPrice": 3204,
    "routeTech": "23 AFP Route Juan C",
    "territory": "AFP - Miami Beach",
    "dayOfService": "Monday, Thursday",
    "accountType": "Commercial"
  },
  {
    "customerNumber": "A-038366",
    "accountName": "Arlen House",
    "address": "300 Bay View Drive",
    "city": "Sunny Isles Beach",
    "state": "FL",
    "zip": "33160",
    "latitude": 25.9223531,
    "longitude": -80.12508129999999,
    "monthlyPrice": 871,
    "yearlyPrice": 10452,
    "routeTech": "22 AFP Route Ramon R",
    "territory": "AFP - Miami Beach",
    "dayOfService": "Monday",
    "accountType": "Commercial"
  },
  {
    "customerNumber": "A-038372",
    "accountName": "Woodlands Condominiums",
    "address": "14351 Memorial Highway",
    "city": "Miami",
    "state": "FL",
    "zip": "33161",
    "latitude": 25.9066326,
    "longitude": -80.1960502,
    "monthlyPrice": 405,
    "yearlyPrice": 4860,
    "routeTech": "15 AFP Route Kymani P",
    "territory": "AFP - NW Miami",
    "dayOfService": "Monday, Thursday",
    "accountType": "Commercial"
  },
  {
    "customerNumber": "A-038374",
    "accountName": "Windward I",
    "address": "1225 N.E. 124th Street",
    "city": "North Miami",
    "state": "FL",
    "zip": "33161",
    "latitude": 25.8901838,
    "longitude": -80.1733726,
    "monthlyPrice": 195,
    "yearlyPrice": 2340,
    "routeTech": "15 AFP Route Kymani P",
    "territory": "AFP - NW Miami",
    "dayOfService": "Monday, Thursday",
    "accountType": "Commercial"
  },
  {
    "customerNumber": "A-038377",
    "accountName": "Wendover Condo",
    "address": "13101 Memorial Highway Apt 105",
    "city": "North Miami",
    "state": "FL",
    "zip": "33161",
    "latitude": 25.8958398,
    "longitude": -80.1936024,
    "monthlyPrice": 221,
    "yearlyPrice": 2652,
    "routeTech": "15 AFP Route Kymani P",
    "territory": "AFP - NW Miami",
    "dayOfService": "Monday, Thursday",
    "accountType": "Commercial"
  },
  {
    "customerNumber": "A-038475",
    "accountName": "Ola Condo",
    "address": "15201 N.E. 6th Avenue",
    "city": "North Miami",
    "state": "FL",
    "zip": "33162",
    "latitude": 25.9149888,
    "longitude": -80.187209,
    "monthlyPrice": 230,
    "yearlyPrice": 2760,
    "routeTech": "15 AFP Route Kymani P",
    "territory": "AFP - NW Miami",
    "dayOfService": "Tuesday",
    "accountType": "Commercial"
  },
  {
    "customerNumber": "A-038476",
    "accountName": "Aquachild Swim School",
    "address": "16604 N.E. 2nd Avenue",
    "city": "Miami",
    "state": "FL",
    "zip": "33162",
    "latitude": 25.9276394,
    "longitude": -80.1964639,
    "monthlyPrice": 249,
    "yearlyPrice": 2988,
    "routeTech": "15 AFP Route Kymani P",
    "territory": "AFP - NW Miami",
    "dayOfService": "Tuesday",
    "accountType": "Commercial"
  },
  {
    "customerNumber": "A-038477",
    "accountName": "Three Seasons Condo",
    "address": "16400 N.E. 17th Avenue",
    "city": "North Miami Beach",
    "state": "FL",
    "zip": "33162",
    "latitude": 25.9273572,
    "longitude": -80.1664498,
    "monthlyPrice": 300,
    "yearlyPrice": 3600,
    "routeTech": "15 AFP Route Kymani P",
    "territory": "AFP - NW Miami",
    "dayOfService": "Monday",
    "accountType": "Commercial"
  },
  {
    "customerNumber": "A-038482",
    "accountName": "Lake Terraces Apartments - (Eff. 1/1/24 Balancing Included)",
    "address": "45 N.W. 203rd Terrace",
    "city": "Miami",
    "state": "FL",
    "zip": "33169",
    "latitude": 25.9614941,
    "longitude": -80.20250030000001,
    "monthlyPrice": 433,
    "yearlyPrice": 5196,
    "routeTech": "15 AFP Route Kymani P",
    "territory": "AFP - NW Miami",
    "dayOfService": "Monday, Thursday",
    "accountType": "Commercial"
  },
  {
    "customerNumber": "A-038484",
    "accountName": "Birchwood The Apartments",
    "address": "8940 N.W. 8th Street",
    "city": "Miami",
    "state": "FL",
    "zip": "33172",
    "latitude": 25.779858,
    "longitude": -80.3408786,
    "monthlyPrice": 617,
    "yearlyPrice": 7404,
    "routeTech": "14 AFP Route Jorge A",
    "territory": "AFP - Downtown Miami",
    "dayOfService": "Monday",
    "accountType": "Commercial"
  },
  {
    "customerNumber": "A-038485",
    "accountName": "Groves at Sunset",
    "address": "8818 S.W. 72nd Street",
    "city": "Miami",
    "state": "FL",
    "zip": "33173",
    "latitude": 25.7011384,
    "longitude": -80.33628070000002,
    "monthlyPrice": 375,
    "yearlyPrice": 4500,
    "routeTech": "14 AFP Route Jorge A",
    "territory": "AFP - SW Miami",
    "dayOfService": "Monday",
    "accountType": "Commercial"
  },
  {
    "customerNumber": "A-038487",
    "accountName": "Casa Granada Condo Association (PP Speak with Diana before any new work)",
    "address": "8701 S.W. 141st Street",
    "city": "Miami",
    "state": "FL",
    "zip": "33176",
    "latitude": 25.6395938,
    "longitude": -80.3348618,
    "monthlyPrice": 302,
    "yearlyPrice": 3624,
    "routeTech": "14 AFP Route Jorge A",
    "territory": "AFP - SW Miami",
    "dayOfService": "Monday",
    "accountType": "Commercial"
  },
  {
    "customerNumber": "A-038499",
    "accountName": "Mariner Bay Club",
    "address": "12000 North Bayshore Drive",
    "city": "North Miami",
    "state": "FL",
    "zip": "33181",
    "latitude": 25.8877918,
    "longitude": -80.1520913,
    "monthlyPrice": 388,
    "yearlyPrice": 4656,
    "routeTech": "15 AFP Route Kymani P",
    "territory": "AFP - NW Miami",
    "dayOfService": "Monday, Thursday",
    "accountType": "Commercial"
  },
  {
    "customerNumber": "A-038502",
    "accountName": "Keystone Bay Condo Assoc Inc.",
    "address": "2640 N.E. 135th Street",
    "city": "North Miami",
    "state": "FL",
    "zip": "33181",
    "latitude": 25.9006605,
    "longitude": -80.1457368,
    "monthlyPrice": 320,
    "yearlyPrice": 3840,
    "routeTech": "15 AFP Route Kymani P",
    "territory": "AFP - NW Miami",
    "dayOfService": "Monday",
    "accountType": "Commercial"
  },
  {
    "customerNumber": "A-038503",
    "accountName": "Bahia Vista",
    "address": "1750 N.E. 115th Street",
    "city": "North Miami",
    "state": "FL",
    "zip": "33181",
    "latitude": 25.8816791,
    "longitude": -80.1629541,
    "monthlyPrice": 675,
    "yearlyPrice": 8100,
    "routeTech": "22 AFP Route Ramon R",
    "territory": "AFP - NW Miami",
    "dayOfService": "Tuesday, Friday",
    "accountType": "Commercial"
  },
  {
    "customerNumber": "A-038504",
    "accountName": "North Gate Condo",
    "address": "1701 N.E. 115th Street",
    "city": "Miami",
    "state": "FL",
    "zip": "33181",
    "latitude": 25.882802,
    "longitude": -80.1641389,
    "monthlyPrice": 650,
    "yearlyPrice": 7800,
    "routeTech": "22 AFP Route Ramon R",
    "territory": "AFP - NW Miami",
    "dayOfService": "Tuesday, Thursday",
    "accountType": "Commercial"
  },
  {
    "customerNumber": "A-038505",
    "accountName": "Siboney Gardens",
    "address": "1955 NE 135 STREET",
    "city": "North Miami",
    "state": "FL",
    "zip": "33181",
    "latitude": 25.9003318,
    "longitude": -80.1588654,
    "monthlyPrice": 214,
    "yearlyPrice": 2568,
    "routeTech": "8 AFP Route Spartacus P",
    "territory": "AFP - NW Miami",
    "dayOfService": "Tuesday, Thursday",
    "accountType": "Commercial"
  },
  {
    "customerNumber": "A-038942",
    "accountName": "The Carriage House Condominium",
    "address": "5401 Collins Avenue",
    "city": "Miami",
    "state": "FL",
    "zip": "33140",
    "latitude": 25.8328053,
    "longitude": -80.12079279999999,
    "monthlyPrice": 1086,
    "yearlyPrice": 13032,
    "routeTech": "23 AFP Route Juan C",
    "territory": "AFP - Miami Beach",
    "dayOfService": "Monday, Wednesday, Friday",
    "accountType": "Commercial"
  },
  {
    "customerNumber": "A-039060",
    "accountName": "Hampshire Homes",
    "address": "9985 West Daffodil Lane",
    "city": "Miramar",
    "state": "FL",
    "zip": "33025",
    "latitude": 25.9763939,
    "longitude": -80.2767449,
    "monthlyPrice": 465,
    "yearlyPrice": 5580,
    "routeTech": "25 AFP Route Carlos S",
    "territory": "AFP - West Broward",
    "dayOfService": "Monday, Wednesday, Friday",
    "accountType": "Commercial"
  },
  {
    "customerNumber": "A-039246",
    "accountName": "Mediterranea Home Owners Association",
    "address": "355 Ives Dairy Road",
    "city": "Miami",
    "state": "FL",
    "zip": "33179",
    "latitude": 25.9598223,
    "longitude": -80.19366,
    "monthlyPrice": 700,
    "yearlyPrice": 8400,
    "routeTech": "15 AFP Route Kymani P",
    "territory": "AFP - NW Miami",
    "dayOfService": "Tuesday, Friday",
    "accountType": "Commercial"
  },
  {
    "customerNumber": "A-039807",
    "accountName": "Roof Top Hotel",
    "address": "803 5th Street",
    "city": "Miami Beach",
    "state": "FL",
    "zip": "33139",
    "latitude": 25.7747949,
    "longitude": -80.1363367,
    "monthlyPrice": 554,
    "yearlyPrice": 6648,
    "routeTech": "22 AFP Route Ramon R",
    "territory": "AFP - Miami Beach",
    "dayOfService": "Tuesday, Friday",
    "accountType": "Commercial"
  },
  {
    "customerNumber": "A-042783",
    "accountName": "Cricket Club Condo",
    "address": "1800 N.E. 114th Street",
    "city": "Miami",
    "state": "FL",
    "zip": "33181",
    "latitude": 25.8808042,
    "longitude": -80.1630052,
    "monthlyPrice": 1960,
    "yearlyPrice": 23520,
    "routeTech": "nan",
    "territory": "AFP - NW Miami",
    "dayOfService": "Every  weeks o",
    "accountType": "Commercial"
  },
  {
    "customerNumber": "A-044993",
    "accountName": "Edgewater Condo",
    "address": "400  North Surf Road",
    "city": "Hollywood",
    "state": "FL",
    "zip": "33019",
    "latitude": 26.0147284,
    "longitude": -80.1156812,
    "monthlyPrice": 550,
    "yearlyPrice": 6600,
    "routeTech": "25 AFP Route Carlos S",
    "territory": "AFP - West Broward",
    "dayOfService": "Tuesday, Friday",
    "accountType": "Commercial"
  },
  {
    "customerNumber": "A-045024",
    "accountName": "Sun Harbor Boutique Hotel",
    "address": "9576 Collins Avenue",
    "city": "Surfside",
    "state": "FL",
    "zip": "33154",
    "latitude": 25.8867039,
    "longitude": -80.1231243,
    "monthlyPrice": 325,
    "yearlyPrice": 3900,
    "routeTech": "22 AFP Route Ramon R",
    "territory": "AFP - Miami Beach",
    "dayOfService": "Tuesday, Friday",
    "accountType": "Commercial"
  },
  {
    "customerNumber": "A-046624",
    "accountName": "Atlantic Towers",
    "address": "18100 Atlantic Boulevard",
    "city": "Sunny Isles Beach",
    "state": "FL",
    "zip": "33160",
    "latitude": 25.9437057,
    "longitude": -80.1231895,
    "monthlyPrice": 325,
    "yearlyPrice": 3900,
    "routeTech": "22 AFP Route Ramon R",
    "territory": "AFP - Miami Beach",
    "dayOfService": "Tuesday, Friday",
    "accountType": "Commercial"
  },
  {
    "customerNumber": "A-046880",
    "accountName": "Woodside Apartments Association",
    "address": "16950 West Dixie Highway",
    "city": "North Miami Beach",
    "state": "FL",
    "zip": "33160",
    "latitude": 25.9313934,
    "longitude": -80.15524359999999,
    "monthlyPrice": 437,
    "yearlyPrice": 5244,
    "routeTech": "15 AFP Route Kymani P",
    "territory": "AFP - NW Miami",
    "dayOfService": "Tuesday, Friday",
    "accountType": "Commercial"
  },
  {
    "customerNumber": "A-047271",
    "accountName": "Motel 6 Ft Lauderdale",
    "address": "1801 West State Road 84",
    "city": "Fort Lauderdale",
    "state": "FL",
    "zip": "33315",
    "latitude": 26.0903356,
    "longitude": -80.1643133,
    "monthlyPrice": 582,
    "yearlyPrice": 6984,
    "routeTech": "25 AFP Route Carlos S",
    "territory": "AFP - West Broward",
    "dayOfService": "Monday, Tuesday, Thursday, Friday",
    "accountType": "Commercial"
  },
  {
    "customerNumber": "A-048971",
    "accountName": "Golden Isles 505 LLC",
    "address": "150 Sunny Isles Boulevard APT 505",
    "city": "Sunny Isles Beach",
    "state": "FL",
    "zip": "33160",
    "latitude": 25.9295887,
    "longitude": -80.123492,
    "monthlyPrice": 140,
    "yearlyPrice": 1680,
    "routeTech": "nan",
    "territory": "AFP - Miami Beach",
    "dayOfService": "Every  weeks o",
    "accountType": "Commercial"
  },
  {
    "customerNumber": "A-051245",
    "accountName": "Bay Place Condo",
    "address": "2420 Diana Drive",
    "city": "Hallandale Beach",
    "state": "FL",
    "zip": "33009",
    "latitude": 25.9850444,
    "longitude": -80.1247485,
    "monthlyPrice": 460,
    "yearlyPrice": 5520,
    "routeTech": "25 AFP Route Carlos S",
    "territory": "AFP - West Broward",
    "dayOfService": "Every  weeks o",
    "accountType": "Commercial"
  },
  {
    "customerNumber": "A-051245",
    "accountName": "Bay Place Condo",
    "address": "2420 Diana Drive",
    "city": "Hallandale Beach",
    "state": "FL",
    "zip": "33009",
    "latitude": 25.9850444,
    "longitude": -80.1247485,
    "monthlyPrice": 515,
    "yearlyPrice": 6180,
    "routeTech": "25 AFP Route Carlos S",
    "territory": "AFP - West Broward",
    "dayOfService": "Tuesday, Thursday",
    "accountType": "Commercial"
  },
  {
    "customerNumber": "A-051626",
    "accountName": "Golden Pointe HOA",
    "address": "20946 Northeast 37th Avenue",
    "city": "Aventura",
    "state": "FL",
    "zip": "33180",
    "latitude": 25.9712504,
    "longitude": -80.1269334,
    "monthlyPrice": 806,
    "yearlyPrice": 9672,
    "routeTech": "23 AFP Route Juan C",
    "territory": "AFP - NW Miami",
    "dayOfService": "Tuesday, Friday",
    "accountType": "Commercial"
  },
  {
    "customerNumber": "A-052091",
    "accountName": "Canterbury Apartments Association",
    "address": "2186 Northeast 56th Street",
    "city": "Fort Lauderdale",
    "state": "FL",
    "zip": "33308",
    "latitude": 26.196432,
    "longitude": -80.114958,
    "monthlyPrice": 239,
    "yearlyPrice": 2868,
    "routeTech": "nan",
    "territory": "AFP - West Broward",
    "dayOfService": "Thursday",
    "accountType": "Commercial"
  },
  {
    "customerNumber": "A-053085",
    "accountName": "Towerside Terrace",
    "address": "1319 Northeast 105th Street",
    "city": "Miami Shores",
    "state": "FL",
    "zip": "33138",
    "latitude": 25.8723398,
    "longitude": -80.1703868,
    "monthlyPrice": 529.5899999999999,
    "yearlyPrice": 6355.079999999999,
    "routeTech": "nan",
    "territory": "AFP - Downtown Miami",
    "dayOfService": "Every  weeks o",
    "accountType": "Commercial"
  },
  {
    "customerNumber": "A-054124",
    "accountName": "Traymore Hotel",
    "address": "2445 Collins Avenue",
    "city": "Miami Beach",
    "state": "FL",
    "zip": "33140",
    "latitude": 25.8004102,
    "longitude": -80.1261529,
    "monthlyPrice": 0,
    "yearlyPrice": 0,
    "routeTech": "28 AFP Route Jean D",
    "territory": "AFP - Miami Beach",
    "dayOfService": "Every  weeks o",
    "accountType": "Commercial"
  },
  {
    "customerNumber": "A-054866",
    "accountName": "AHF-Broward Village",
    "address": "2275 West State Road 84",
    "city": "Fort Lauderdale",
    "state": "FL",
    "zip": "33312",
    "latitude": 26.0886668,
    "longitude": -80.1715066,
    "monthlyPrice": 392,
    "yearlyPrice": 4704,
    "routeTech": "25 AFP Route Carlos S",
    "territory": "AFP - West Broward",
    "dayOfService": "Tuesday, Thursday",
    "accountType": "Commercial"
  },
  {
    "customerNumber": "A-055771",
    "accountName": "Portofino Townhouses",
    "address": "751 Northeast 195th Street",
    "city": "North Miami Beach",
    "state": "FL",
    "zip": "33179",
    "latitude": 25.9557213,
    "longitude": -80.1863158,
    "monthlyPrice": 405,
    "yearlyPrice": 4860,
    "routeTech": "nan",
    "territory": "AFP - NW Miami",
    "dayOfService": "Every  weeks o",
    "accountType": "Commercial"
  },
  {
    "customerNumber": "A-055814",
    "accountName": "Catalina HOA",
    "address": "9861 Southwest 221st Terrace",
    "city": "Cutler Bay",
    "state": "nan",
    "zip": "33190",
    "latitude": 25.5617297,
    "longitude": -80.3500821,
    "monthlyPrice": 0,
    "yearlyPrice": 0,
    "routeTech": "nan",
    "territory": "AFP - SW Miami",
    "dayOfService": "Every  weeks o",
    "accountType": "Commercial"
  },
  {
    "customerNumber": "A-055954",
    "accountName": "Robert Sharp Towers I & II",
    "address": "103 Northwest 202nd Terrace",
    "city": "Miami",
    "state": "FL",
    "zip": "33169",
    "latitude": 25.9619473,
    "longitude": -80.2037994,
    "monthlyPrice": 0,
    "yearlyPrice": 0,
    "routeTech": "nan",
    "territory": "AFP - NW Miami",
    "dayOfService": "Every  weeks o",
    "accountType": "Commercial"
  },
  {
    "customerNumber": "A-056514",
    "accountName": "Le Cartier Condo",
    "address": "201 178th Drive",
    "city": "Sunny Isles Beach",
    "state": "FL",
    "zip": "33160",
    "latitude": 25.9403921,
    "longitude": -80.12399979999999,
    "monthlyPrice": 672,
    "yearlyPrice": 8064,
    "routeTech": "22 AFP Route Ramon R",
    "territory": "AFP - Miami Beach",
    "dayOfService": "Monday, Wednesday, Friday",
    "accountType": "Commercial"
  },
  {
    "customerNumber": "A-057639",
    "accountName": "Winston Towers 400",
    "address": "231 174th Street",
    "city": "Sunny Isles Beach",
    "state": "FL",
    "zip": "33160",
    "latitude": 25.9374748,
    "longitude": -80.1249667,
    "monthlyPrice": 840,
    "yearlyPrice": 10080,
    "routeTech": "22 AFP Route Ramon R",
    "territory": "AFP - Miami Beach",
    "dayOfService": "Monday, Wednesday, Friday",
    "accountType": "Commercial"
  },
  {
    "customerNumber": "A-061995",
    "accountName": "Victory Gardens",
    "address": "650 Northeast 149th Street",
    "city": "North Miami",
    "state": "FL",
    "zip": "33161",
    "latitude": 25.9117978,
    "longitude": -80.1862658,
    "monthlyPrice": 448,
    "yearlyPrice": 5376,
    "routeTech": "15 AFP Route Kymani P",
    "territory": "AFP - NW Miami",
    "dayOfService": "Monday, Thursday",
    "accountType": "Commercial"
  },
  {
    "customerNumber": "A-062054",
    "accountName": "Riviera Park MHC",
    "address": "19900 Northwest 37th Avenue",
    "city": "Miami Gardens",
    "state": "FL",
    "zip": "33056",
    "latitude": 25.9557504,
    "longitude": -80.2634941,
    "monthlyPrice": 448,
    "yearlyPrice": 5376,
    "routeTech": "25 AFP Route Carlos S",
    "territory": "AFP - NW Miami",
    "dayOfService": "Tuesday, Thursday",
    "accountType": "Commercial"
  },
  {
    "customerNumber": "A-062369",
    "accountName": "Three Horizons Recreation Center",
    "address": "1465 Northeast 123rd Street",
    "city": "North Miami",
    "state": "FL",
    "zip": "33161",
    "latitude": 25.8904129,
    "longitude": -80.1691906,
    "monthlyPrice": 539,
    "yearlyPrice": 6468,
    "routeTech": "15 AFP Route Kymani P",
    "territory": "AFP - NW Miami",
    "dayOfService": "Tuesday, Friday",
    "accountType": "Commercial"
  },
  {
    "customerNumber": "A-062659",
    "accountName": "Aidone LLC",
    "address": "1550 Meridian Avenue",
    "city": "Miami Beach",
    "state": "FL",
    "zip": "33139",
    "latitude": 25.7884415,
    "longitude": -80.1367741,
    "monthlyPrice": 143,
    "yearlyPrice": 1716,
    "routeTech": "23 AFP Route Juan C",
    "territory": "AFP - Miami Beach",
    "dayOfService": "Thursday",
    "accountType": "Commercial"
  },
  {
    "customerNumber": "A-063363",
    "accountName": "Island Shores Condominium",
    "address": "2903 Northeast 163rd Street",
    "city": "North Miami Beach",
    "state": "FL",
    "zip": "33160",
    "latitude": 25.9269751,
    "longitude": -80.1422571,
    "monthlyPrice": 400,
    "yearlyPrice": 4800,
    "routeTech": "15 AFP Route Kymani P",
    "territory": "AFP - Miami Beach",
    "dayOfService": "Monday, Thursday",
    "accountType": "Commercial"
  },
  {
    "customerNumber": "A-066422",
    "accountName": "AHF- The Village at New River",
    "address": "1700 West Broward Boulevard",
    "city": "Fort Lauderdale",
    "state": "FL",
    "zip": "33312",
    "latitude": 26.1215458,
    "longitude": -80.1647867,
    "monthlyPrice": 485,
    "yearlyPrice": 5820,
    "routeTech": "25 AFP Route Carlos S",
    "territory": "AFP - West Broward",
    "dayOfService": "Tuesday, Thursday",
    "accountType": "Commercial"
  },
  {
    "customerNumber": "A-066613",
    "accountName": "Beach Plaza South",
    "address": "2939 Indian Creek Drive",
    "city": "Miami Beach",
    "state": "FL",
    "zip": "33140",
    "latitude": 25.8060303,
    "longitude": -80.1257262,
    "monthlyPrice": 400,
    "yearlyPrice": 4800,
    "routeTech": "22 AFP Route Ramon R",
    "territory": "AFP - Miami Beach",
    "dayOfService": "Tuesday, Friday",
    "accountType": "Commercial"
  },
  {
    "customerNumber": "A-067141",
    "accountName": "Canal Park",
    "address": "3323 Northeast 163rd Street",
    "city": "North Miami Beach",
    "state": "FL",
    "zip": "33160",
    "latitude": 25.9279836,
    "longitude": -80.13745019999999,
    "monthlyPrice": 500,
    "yearlyPrice": 6000,
    "routeTech": "15 AFP Route Kymani P",
    "territory": "AFP - Miami Beach",
    "dayOfService": "Tuesday, Thursday",
    "accountType": "Commercial"
  },
  {
    "customerNumber": "A-067150",
    "accountName": "Namnum Residence",
    "address": "19001 Northeast 21st Avenue",
    "city": "North Miami Beach",
    "state": "FL",
    "zip": "33179",
    "latitude": 25.9508436,
    "longitude": -80.15836639999999,
    "monthlyPrice": 130,
    "yearlyPrice": 1560,
    "routeTech": "15 AFP Route Kymani P",
    "territory": "AFP - NW Miami",
    "dayOfService": "Monday",
    "accountType": "Commercial"
  },
  {
    "customerNumber": "A-067370",
    "accountName": "Gleneagles Apartments",
    "address": "17680 Northwest 67th Avenue",
    "city": "Miami Gardens",
    "state": "FL",
    "zip": "33015",
    "latitude": 25.9339877,
    "longitude": -80.3111279,
    "monthlyPrice": 1400,
    "yearlyPrice": 16800,
    "routeTech": "14 AFP Route Jorge A",
    "territory": "AFP - NW Miami",
    "dayOfService": "Monday, Wednesday, Friday",
    "accountType": "Commercial"
  },
  {
    "customerNumber": "A-067479",
    "accountName": "Blume Coral Gables",
    "address": "1501 Southwest 37th Avenue",
    "city": "Miami",
    "state": "FL",
    "zip": "33145",
    "latitude": 25.7576368,
    "longitude": -80.2545221,
    "monthlyPrice": 600,
    "yearlyPrice": 7200,
    "routeTech": "14 AFP Route Jorge A",
    "territory": "AFP - SW Miami",
    "dayOfService": "Monday, Friday",
    "accountType": "Commercial"
  },
  {
    "customerNumber": "A-067753",
    "accountName": "Clean Real Estate Investments Corp",
    "address": "400 Sunny Isles Boulevard #605",
    "city": "Sunny Isles Beach",
    "state": "FL",
    "zip": "33160",
    "latitude": 25.9292381,
    "longitude": -80.12857799999999,
    "monthlyPrice": 250,
    "yearlyPrice": 3000,
    "routeTech": "2 AFP Route William A",
    "territory": "AFP - Miami Beach",
    "dayOfService": "Monday",
    "accountType": "Commercial"
  },
  {
    "customerNumber": "A-067757",
    "accountName": "Windward II",
    "address": "1250 Northeast 125th Street",
    "city": "North Miami",
    "state": "FL",
    "zip": "33161",
    "latitude": 25.89051,
    "longitude": -80.17325129999999,
    "monthlyPrice": 400,
    "yearlyPrice": 4800,
    "routeTech": "15 AFP Route Kymani P",
    "territory": "AFP - NW Miami",
    "dayOfService": "Monday, Thursday",
    "accountType": "Commercial"
  },
  {
    "customerNumber": "A-067915",
    "accountName": "Bora Apartments",
    "address": "550 Northwest 51st Avenue",
    "city": "Miami",
    "state": "FL",
    "zip": "33126",
    "latitude": 25.7776646,
    "longitude": -80.2785727,
    "monthlyPrice": 550,
    "yearlyPrice": 6600,
    "routeTech": "nan",
    "territory": "AFP - Downtown Miami",
    "dayOfService": "Monday, Friday",
    "accountType": "Commercial"
  },
  {
    "customerNumber": "A-068162",
    "accountName": "Solo Miami Residences",
    "address": "840 Northeast 130th Street",
    "city": "North Miami",
    "state": "FL",
    "zip": "33161",
    "latitude": 25.894842,
    "longitude": -80.1811421,
    "monthlyPrice": 375,
    "yearlyPrice": 4500,
    "routeTech": "15 AFP Route Kymani P",
    "territory": "AFP - NW Miami",
    "dayOfService": "Tuesday, Friday",
    "accountType": "Commercial"
  },
  {
    "customerNumber": "A-068448",
    "accountName": "Park Isle Club Apartments",
    "address": "780 73rd Street",
    "city": "Miami Beach",
    "state": "FL",
    "zip": "33141",
    "latitude": 25.8573325,
    "longitude": -80.1259348,
    "monthlyPrice": 725,
    "yearlyPrice": 8700,
    "routeTech": "22 AFP Route Ramon R",
    "territory": "AFP - Miami Beach",
    "dayOfService": "Monday, Thursday",
    "accountType": "Commercial"
  },
  {
    "customerNumber": "A-069079",
    "accountName": "Point East Council, Inc",
    "address": "2909 Point East Drive",
    "city": "Aventura",
    "state": "FL",
    "zip": "33160",
    "latitude": 25.9401796,
    "longitude": -80.1445548,
    "monthlyPrice": 950,
    "yearlyPrice": 11400,
    "routeTech": "nan",
    "territory": "AFP - Miami Beach",
    "dayOfService": "Monday, Wednesday, Friday",
    "accountType": "Commercial"
  },
  {
    "customerNumber": "A-069080",
    "accountName": "Point East One Condominium",
    "address": "2980 Point East Drive",
    "city": "Aventura",
    "state": "FL",
    "zip": "33160",
    "latitude": 25.9409976,
    "longitude": -80.14083819999999,
    "monthlyPrice": 885,
    "yearlyPrice": 10620,
    "routeTech": "23 AFP Route Juan C",
    "territory": "AFP - Miami Beach",
    "dayOfService": "Monday, Wednesday, Friday",
    "accountType": "Commercial"
  },
  {
    "customerNumber": "A-069107",
    "accountName": "Grove Loft Condominium Inc",
    "address": "3062 Bird Avenue",
    "city": "Miami",
    "state": "FL",
    "zip": "33133",
    "latitude": 25.7351448,
    "longitude": -80.2431338,
    "monthlyPrice": 250,
    "yearlyPrice": 3000,
    "routeTech": "14 AFP Route Jorge A",
    "territory": "AFP - SW Miami",
    "dayOfService": "Tuesday",
    "accountType": "Commercial"
  },
  {
    "customerNumber": "A-069113",
    "accountName": "Stadium Hotel",
    "address": "21485 Northwest 27th Avenue",
    "city": "Miami Gardens",
    "state": "FL",
    "zip": "33056",
    "latitude": 25.9711988,
    "longitude": -80.24501269999999,
    "monthlyPrice": 850,
    "yearlyPrice": 10200,
    "routeTech": "25 AFP Route Carlos S",
    "territory": "AFP - NW Miami",
    "dayOfService": "Tuesday, Thursday",
    "accountType": "Commercial"
  },
  {
    "customerNumber": "A-069833",
    "accountName": "Plaza of Americas Club Condo",
    "address": "17001 North Bay Road",
    "city": "Sunny Isles Beach",
    "state": "FL",
    "zip": "33160",
    "latitude": 25.9319784,
    "longitude": -80.1257857,
    "monthlyPrice": 1795,
    "yearlyPrice": 21540,
    "routeTech": "15 AFP Route Kymani P",
    "territory": "AFP - Miami Beach",
    "dayOfService": "Monday, Wednesday, Friday",
    "accountType": "Commercial"
  }
]