[
  {
    "customerNumber": "A-068844",
    "displayName": "Cang  Nguyen",
    "address": "10424 Rainsville Street",
    "city": "Port Charlotte",
    "state": "FL",
    "zipCode": "33981",
    "territory": "All Pool - Outlying Maintenance",
    "technician": "Jovan Rodriguez",
    "dayOfWeek": "Monday",
    "latitude": 26.8756834,
    "longitude": -82.2146475,
    "monthlyPrice": 140.0,
    "yearlyPrice": 1680.0
  },
  {
    "customerNumber": "A-068445",
    "displayName": "Anthony  Silva",
    "address": "1218 Richter Street",
    "city": "Port Charlotte",
    "state": "FL",
    "zipCode": "33952",
    "territory": "All Pool - Outlying Maintenance",
    "technician": "Jovan Rodriguez",
    "dayOfWeek": "Tuesday",
    "latitude": 27.0115536,
    "longitude": -82.0765511,
    "monthlyPrice": 140.0,
    "yearlyPrice": 1680.0
  },
  {
    "customerNumber": "A-069341",
    "displayName": "Rajeshri  Patel",
    "address": "1240 Peppertree Lane",
    "city": "Port Charlotte",
    "state": "FL",
    "zipCode": "33952",
    "territory": "All Pool - Outlying Maintenance",
    "technician": "Jovan Rodriguez",
    "dayOfWeek": "Thursday",
    "latitude": 27.0114441,
    "longitude": -82.1111152,
    "monthlyPrice": 140.0,
    "yearlyPrice": 1680.0
  },
  {
    "customerNumber": "A-069049",
    "displayName": "Paul  Tiernan",
    "address": "13233 Scrub Jay Court",
    "city": "Port Charlotte",
    "state": "FL",
    "zipCode": "33953",
    "territory": "All Pool - Outlying Maintenance",
    "technician": "Jovan Rodriguez",
    "dayOfWeek": "Friday",
    "latitude": 26.9995564,
    "longitude": -82.2290184,
    "monthlyPrice": 140.0,
    "yearlyPrice": 1680.0
  },
  {
    "customerNumber": "A-068018",
    "displayName": "Trudy  Harris",
    "address": "13313 Scrub Jay Court",
    "city": "Port Charlotte",
    "state": "FL",
    "zipCode": "33953",
    "territory": "All Pool - Outlying Maintenance",
    "technician": "Jovan Rodriguez",
    "dayOfWeek": "Friday",
    "latitude": 26.9993722,
    "longitude": -82.226666,
    "monthlyPrice": 140.0,
    "yearlyPrice": 1680.0
  },
  {
    "customerNumber": "A-069511",
    "displayName": "Ma  Fengront",
    "address": "13417 Palau Circle",
    "city": "Port Charlotte",
    "state": "FL",
    "zipCode": "33953",
    "territory": "All Pool - Outlying Maintenance",
    "technician": "Jovan Rodriguez",
    "dayOfWeek": "Friday",
    "latitude": 27.0075031,
    "longitude": -82.22544789999999,
    "monthlyPrice": 140.0,
    "yearlyPrice": 1680.0
  },
  {
    "customerNumber": "A-068872",
    "displayName": "Christina  Navarro",
    "address": "1347 Maracaibo Street",
    "city": "Port Charlotte",
    "state": "FL",
    "zipCode": "33980",
    "territory": "All Pool - Outlying Maintenance",
    "technician": "Jovan Rodriguez",
    "dayOfWeek": "Tuesday",
    "latitude": 27.0079171,
    "longitude": -82.0615902,
    "monthlyPrice": 140.0,
    "yearlyPrice": 1680.0
  },
  {
    "customerNumber": "A-069194",
    "displayName": "Deb  Miller",
    "address": "13534 Goodrich Avenue",
    "city": "Port Charlotte",
    "state": "FL",
    "zipCode": "33953",
    "territory": "All Pool - Outlying Maintenance",
    "technician": "Jovan Rodriguez",
    "dayOfWeek": "Friday",
    "latitude": 27.030626,
    "longitude": -82.2217568,
    "monthlyPrice": 140.0,
    "yearlyPrice": 1680.0
  },
  {
    "customerNumber": "A-068076",
    "displayName": "Tod  Eagle",
    "address": "13817 Long Lake Lane",
    "city": "Port Charlotte",
    "state": "FL",
    "zipCode": "33953",
    "territory": "All Pool - Outlying Maintenance",
    "technician": "Jovan Rodriguez",
    "dayOfWeek": "Friday",
    "latitude": 26.9879094,
    "longitude": -82.219552,
    "monthlyPrice": 140.0,
    "yearlyPrice": 1680.0
  },
  {
    "customerNumber": "A-068230",
    "displayName": "Leslie  Mudd",
    "address": "1460 Deer Creek Drive",
    "city": "Englewood",
    "state": "FL",
    "zipCode": "34223",
    "territory": "All Pool - Outlying Maintenance",
    "technician": "Jovan Rodriguez",
    "dayOfWeek": "Monday",
    "latitude": 26.9355305,
    "longitude": -82.3457753,
    "monthlyPrice": 140.0,
    "yearlyPrice": 1680.0
  },
  {
    "customerNumber": "A-068004",
    "displayName": "Geoff  Cecil",
    "address": "1519 Columbian Drive",
    "city": "Punta Gorda",
    "state": "FL",
    "zipCode": "33950",
    "territory": "All Pool - Outlying Maintenance",
    "technician": "Jovan Rodriguez",
    "dayOfWeek": "Wednesday",
    "latitude": 26.9214001,
    "longitude": -82.0688894,
    "monthlyPrice": 140.0,
    "yearlyPrice": 1680.0
  },
  {
    "customerNumber": "A-069203",
    "displayName": "Robert  Jones",
    "address": "1547 Kew Gardens Avenue",
    "city": "North Port",
    "state": "FL",
    "zipCode": "34286",
    "territory": "All Pool - Outlying Maintenance",
    "technician": "Jovan Rodriguez",
    "dayOfWeek": "Tuesday",
    "latitude": 27.082524,
    "longitude": -82.16239,
    "monthlyPrice": 140.0,
    "yearlyPrice": 1680.0
  },
  {
    "customerNumber": "A-068019",
    "displayName": "Sorina  Bita",
    "address": "15704 Hennipen Circle",
    "city": "Port Charlotte",
    "state": "FL",
    "zipCode": "33981",
    "territory": "All Pool - Outlying Maintenance",
    "technician": "Jovan Rodriguez",
    "dayOfWeek": "Monday",
    "latitude": 26.8812238,
    "longitude": -82.1953449,
    "monthlyPrice": 140.0,
    "yearlyPrice": 1680.0
  },
  {
    "customerNumber": "A-068995",
    "displayName": "Deborah  Rockwell",
    "address": "1593 Blue Lake Circle",
    "city": "Punta Gorda",
    "state": "FL",
    "zipCode": "33983",
    "territory": "All Pool - Outlying Maintenance",
    "technician": "Jovan Rodriguez",
    "dayOfWeek": "Thursday",
    "latitude": 27.0095213,
    "longitude": -82.0352764,
    "monthlyPrice": 140.0,
    "yearlyPrice": 1680.0
  },
  {
    "customerNumber": "A-068978",
    "displayName": "Kevin  Ivers",
    "address": "1717 Nuremberg Boulevard",
    "city": "Punta Gorda",
    "state": "FL",
    "zipCode": "33983",
    "territory": "All Pool - Outlying Maintenance",
    "technician": "Jovan Rodriguez",
    "dayOfWeek": "Thursday",
    "latitude": 27.0086484,
    "longitude": -82.0292832,
    "monthlyPrice": 140.0,
    "yearlyPrice": 1680.0
  },
  {
    "customerNumber": "A-069210",
    "displayName": "Diane  Nackley",
    "address": "17517 Ohara Drive",
    "city": "Port Charlotte",
    "state": "FL",
    "zipCode": "33948",
    "territory": "All Pool - Outlying Maintenance",
    "technician": "Jovan Rodriguez",
    "dayOfWeek": "Tuesday",
    "latitude": 26.9586339,
    "longitude": -82.1588708,
    "monthlyPrice": 130.0,
    "yearlyPrice": 1560.0
  },
  {
    "customerNumber": "A-069619",
    "displayName": "Gary  Filipas",
    "address": "17875 Courtside Landings Circle",
    "city": "Punta Gorda",
    "state": "FL",
    "zipCode": "33955",
    "territory": "All Pool - Outlying Maintenance",
    "technician": "Jovan Rodriguez",
    "dayOfWeek": "Wednesday",
    "latitude": 26.7604639,
    "longitude": -82.0518945,
    "monthlyPrice": 140.0,
    "yearlyPrice": 1680.0
  },
  {
    "customerNumber": "A-069275",
    "displayName": "Alexander  Vanduser",
    "address": "18667 Ayrshire Circle",
    "city": "Port Charlotte",
    "state": "FL",
    "zipCode": "33948",
    "territory": "All Pool - Outlying Maintenance",
    "technician": "Jovan Rodriguez",
    "dayOfWeek": "Friday",
    "latitude": 26.9540618,
    "longitude": -82.14269639999999,
    "monthlyPrice": 140.0,
    "yearlyPrice": 1680.0
  },
  {
    "customerNumber": "A-068017",
    "displayName": "Nathan  Myer",
    "address": "1935 Citron Street",
    "city": "Port Charlotte",
    "state": "FL",
    "zipCode": "33980",
    "territory": "All Pool - Outlying Maintenance",
    "technician": "Jovan Rodriguez",
    "dayOfWeek": "Thursday",
    "latitude": 26.9673657,
    "longitude": -82.037064,
    "monthlyPrice": 140.0,
    "yearlyPrice": 1680.0
  },
  {
    "customerNumber": "A-068724",
    "displayName": "Linda  Waters",
    "address": "19466 Midway Boulevard",
    "city": "Port Charlotte",
    "state": "FL",
    "zipCode": "33948",
    "territory": "All Pool - Outlying Maintenance",
    "technician": "Jovan Rodriguez",
    "dayOfWeek": "Tuesday",
    "latitude": 26.9728989,
    "longitude": -82.131345,
    "monthlyPrice": 140.0,
    "yearlyPrice": 1680.0
  },
  {
    "customerNumber": "A-068016",
    "displayName": "George  Radziewicz",
    "address": "202 Fields Terrace Southeast",
    "city": "Port Charlotte",
    "state": "FL",
    "zipCode": "33952",
    "territory": "All Pool - Outlying Maintenance",
    "technician": "Jovan Rodriguez",
    "dayOfWeek": "Tuesday",
    "latitude": 26.9594184,
    "longitude": -82.0954515,
    "monthlyPrice": 140.0,
    "yearlyPrice": 1680.0
  },
  {
    "customerNumber": "A-069375",
    "displayName": "Sandra  Ramos",
    "address": "2092 Haskell Street",
    "city": "Port Charlotte",
    "state": "FL",
    "zipCode": "33952",
    "territory": "All Pool - Outlying Maintenance",
    "technician": "Jovan Rodriguez",
    "dayOfWeek": "Tuesday",
    "latitude": 27.0008212,
    "longitude": -82.09515309999999,
    "monthlyPrice": 140.0,
    "yearlyPrice": 1680.0
  },
  {
    "customerNumber": "A-068411",
    "displayName": "Gary  Michael",
    "address": "211 Harbor Boulevard",
    "city": "Port Charlotte",
    "state": "FL",
    "zipCode": "33954",
    "territory": "All Pool - Outlying Maintenance",
    "technician": "Jovan Rodriguez",
    "dayOfWeek": "Tuesday",
    "latitude": 27.0266132,
    "longitude": -82.0941162,
    "monthlyPrice": 140.0,
    "yearlyPrice": 1680.0
  },
  {
    "customerNumber": "A-068885",
    "displayName": "Rick  Hughes",
    "address": "2125 Rio De Janeiro Avenue",
    "city": "Punta Gorda",
    "state": "FL",
    "zipCode": "33983",
    "territory": "All Pool - Outlying Maintenance",
    "technician": "Max Carlini",
    "dayOfWeek": "Thursday",
    "latitude": 26.99938,
    "longitude": -82.01762839999999,
    "monthlyPrice": 130.0,
    "yearlyPrice": 1560.0
  },
  {
    "customerNumber": "A-068921",
    "displayName": "Michele  Jarrait",
    "address": "215 Martin Drive Northeast",
    "city": "Port Charlotte",
    "state": "FL",
    "zipCode": "33952",
    "territory": "All Pool - Outlying Maintenance",
    "technician": "Jovan Rodriguez",
    "dayOfWeek": "Tuesday",
    "latitude": 26.9741107,
    "longitude": -82.0908948,
    "monthlyPrice": 140.0,
    "yearlyPrice": 1680.0
  },
  {
    "customerNumber": "A-069043",
    "displayName": "Rhonda  Casterlin",
    "address": "21561 Quesada Avenue",
    "city": "Port Charlotte",
    "state": "FL",
    "zipCode": "33952",
    "territory": "All Pool - Outlying Maintenance",
    "technician": "Jovan Rodriguez",
    "dayOfWeek": "Tuesday",
    "latitude": 27.0098629,
    "longitude": -82.0892645,
    "monthlyPrice": 140.0,
    "yearlyPrice": 1680.0
  },
  {
    "customerNumber": "A-069196",
    "displayName": "Cecile  Schaffer",
    "address": "23097 Ambassador Avenue",
    "city": "Port Charlotte",
    "state": "FL",
    "zipCode": "33954",
    "territory": "All Pool - Outlying Maintenance",
    "technician": "Jovan Rodriguez",
    "dayOfWeek": "Tuesday",
    "latitude": 27.0239225,
    "longitude": -82.0710567,
    "monthlyPrice": 140.0,
    "yearlyPrice": 1680.0
  },
  {
    "customerNumber": "A-068874",
    "displayName": "Thomas  Husted",
    "address": "23475 Midway Boulevard",
    "city": "Port Charlotte",
    "state": "FL",
    "zipCode": "33980",
    "territory": "All Pool - Outlying Maintenance",
    "technician": "Jovan Rodriguez",
    "dayOfWeek": "Tuesday",
    "latitude": 26.9991266,
    "longitude": -82.05927009999999,
    "monthlyPrice": 140.0,
    "yearlyPrice": 1680.0
  },
  {
    "customerNumber": "A-069091",
    "displayName": "Wayne  Owsley",
    "address": "237 Freeport Court",
    "city": "Punta Gorda",
    "state": "FL",
    "zipCode": "33950",
    "territory": "All Pool - Outlying Maintenance",
    "technician": "Jovan Rodriguez",
    "dayOfWeek": "Wednesday",
    "latitude": 26.9194917,
    "longitude": -82.05548209999999,
    "monthlyPrice": 140.0,
    "yearlyPrice": 1680.0
  },
  {
    "customerNumber": "A-067990",
    "displayName": "John  Bauer",
    "address": "250 White Marsh Lane",
    "city": "Rotonda West",
    "state": "FL",
    "zipCode": "33947",
    "territory": "All Pool - Outlying Maintenance",
    "technician": "Jovan Rodriguez",
    "dayOfWeek": "Monday",
    "latitude": 26.8815688,
    "longitude": -82.25895899999999,
    "monthlyPrice": 140.0,
    "yearlyPrice": 1680.0
  },
  {
    "customerNumber": "A-068182",
    "displayName": "Roberta  Powell",
    "address": "2501 Celebes Court",
    "city": "Punta Gorda",
    "state": "FL",
    "zipCode": "33983",
    "territory": "All Pool - Outlying Maintenance",
    "technician": "Jovan Rodriguez",
    "dayOfWeek": "Thursday",
    "latitude": 26.9881482,
    "longitude": -82.0223444,
    "monthlyPrice": 140.0,
    "yearlyPrice": 1680.0
  },
  {
    "customerNumber": "A-068000",
    "displayName": "Dennis  Cripe",
    "address": "26125 Seminole Lakes Boulevard",
    "city": "Punta Gorda",
    "state": "FL",
    "zipCode": "33955",
    "territory": "All Pool - Outlying Maintenance",
    "technician": "Jovan Rodriguez",
    "dayOfWeek": "Wednesday",
    "latitude": 26.8759145,
    "longitude": -82.0195987,
    "monthlyPrice": 140.0,
    "yearlyPrice": 1680.0
  },
  {
    "customerNumber": "A-067978",
    "displayName": "Kristie  Davis",
    "address": "2837 Deborah Drive",
    "city": "Punta Gorda",
    "state": "FL",
    "zipCode": "33950",
    "territory": "All Pool - Outlying Maintenance",
    "technician": "Jovan Rodriguez",
    "dayOfWeek": "Wednesday",
    "latitude": 26.9037509,
    "longitude": -82.0864597,
    "monthlyPrice": 140.0,
    "yearlyPrice": 1680.0
  },
  {
    "customerNumber": "A-068924",
    "displayName": "Linda  Piccirillo",
    "address": "3010 Rivershore Lane",
    "city": "Port Charlotte",
    "state": "FL",
    "zipCode": "33953",
    "territory": "All Pool - Outlying Maintenance",
    "technician": "Jovan Rodriguez",
    "dayOfWeek": "Friday",
    "latitude": 26.9898371,
    "longitude": -82.22658899999999,
    "monthlyPrice": 140.0,
    "yearlyPrice": 1680.0
  },
  {
    "customerNumber": "A-068598",
    "displayName": "Sandra  Kerr",
    "address": "308 Bermuda Court",
    "city": "Venice",
    "state": "FL",
    "zipCode": "34293",
    "territory": "All Pool - Outlying Maintenance",
    "technician": "Jovan Rodriguez",
    "dayOfWeek": "Friday",
    "latitude": 27.0544503,
    "longitude": -82.35880709999999,
    "monthlyPrice": 140.0,
    "yearlyPrice": 1680.0
  },
  {
    "customerNumber": "A-069010",
    "displayName": "David  Keefer",
    "address": "335 Segovia Drive",
    "city": "Punta Gorda",
    "state": "FL",
    "zipCode": "33950",
    "territory": "All Pool - Outlying Maintenance",
    "technician": "Jovan Rodriguez",
    "dayOfWeek": "Wednesday",
    "latitude": 26.8839727,
    "longitude": -82.0335893,
    "monthlyPrice": 140.0,
    "yearlyPrice": 1680.0
  },
  {
    "customerNumber": "A-067967",
    "displayName": "Dianne  Black",
    "address": "345 Capstan Drive",
    "city": "Placida",
    "state": "FL",
    "zipCode": "33946",
    "territory": "All Pool - Outlying Maintenance",
    "technician": "Jovan Rodriguez",
    "dayOfWeek": "Monday",
    "latitude": 26.8482942,
    "longitude": -82.28912609999999,
    "monthlyPrice": 140.0,
    "yearlyPrice": 1680.0
  },
  {
    "customerNumber": "A-068904",
    "displayName": "Michelle  Garrison",
    "address": "3627 Turtle Dove Boulevard",
    "city": "Punta Gorda",
    "state": "FL",
    "zipCode": "33950",
    "territory": "All Pool - Outlying Maintenance",
    "technician": "Jovan Rodriguez",
    "dayOfWeek": "Wednesday",
    "latitude": 26.8987657,
    "longitude": -82.06165899999999,
    "monthlyPrice": 130.0,
    "yearlyPrice": 1560.0
  },
  {
    "customerNumber": "A-067991",
    "displayName": "Bill  Lemna",
    "address": "3796 Peace River Drive",
    "city": "Punta Gorda",
    "state": "FL",
    "zipCode": "33983",
    "territory": "All Pool - Outlying Maintenance",
    "technician": "Jovan Rodriguez",
    "dayOfWeek": "Thursday",
    "latitude": 26.9711267,
    "longitude": -82.0126409,
    "monthlyPrice": 140.0,
    "yearlyPrice": 1680.0
  },
  {
    "customerNumber": "A-069299",
    "displayName": "Daniel  Curran",
    "address": "3951 South San Mateo Drive",
    "city": "North Port",
    "state": "FL",
    "zipCode": "34288",
    "territory": "All Pool - Outlying Maintenance",
    "technician": "Jovan Rodriguez",
    "dayOfWeek": "Friday",
    "latitude": 27.0443445,
    "longitude": -82.1292074,
    "monthlyPrice": 140.0,
    "yearlyPrice": 1680.0
  },
  {
    "customerNumber": "A-069405",
    "displayName": "Beth  Johnson",
    "address": "4252 Blitzen Terrace",
    "city": "North Port",
    "state": "FL",
    "zipCode": "34287",
    "territory": "All Pool - Outlying Maintenance",
    "technician": "Jovan Rodriguez",
    "dayOfWeek": "Friday",
    "latitude": 27.0457607,
    "longitude": -82.2031731,
    "monthlyPrice": 140.0,
    "yearlyPrice": 1680.0
  },
  {
    "customerNumber": "A-069328",
    "displayName": "Scott  Duchette",
    "address": "447 Fairway Isles Drive",
    "city": "Venice",
    "state": "FL",
    "zipCode": "34285",
    "territory": "All Pool - Outlying Maintenance",
    "technician": "Max Carlini",
    "dayOfWeek": "Wednesday",
    "latitude": 27.0866413,
    "longitude": -82.40627479999999,
    "monthlyPrice": 140.0,
    "yearlyPrice": 1680.0
  },
  {
    "customerNumber": "A-068180",
    "displayName": "John  Moore",
    "address": "4803 Italy Avenue",
    "city": "North Port",
    "state": "FL",
    "zipCode": "34288",
    "territory": "All Pool - Outlying Maintenance",
    "technician": "Jovan Rodriguez",
    "dayOfWeek": "Tuesday",
    "latitude": 27.0611642,
    "longitude": -82.1085137,
    "monthlyPrice": 140.0,
    "yearlyPrice": 1680.0
  },
  {
    "customerNumber": "A-069459",
    "displayName": "Mary  Delfico",
    "address": "486 Chamber Street Northwest",
    "city": "Port Charlotte",
    "state": "FL",
    "zipCode": "33948",
    "territory": "All Pool - Outlying Maintenance",
    "technician": "Jovan Rodriguez",
    "dayOfWeek": "Thursday",
    "latitude": 26.9847258,
    "longitude": -82.1301996,
    "monthlyPrice": 140.0,
    "yearlyPrice": 1680.0
  },
  {
    "customerNumber": "A-068465",
    "displayName": "George  Hutchinson",
    "address": "5004 La Costa Island Court",
    "city": "Punta Gorda",
    "state": "FL",
    "zipCode": "33950",
    "territory": "All Pool - Outlying Maintenance",
    "technician": "Jovan Rodriguez",
    "dayOfWeek": "Wednesday",
    "latitude": 26.8974834,
    "longitude": -82.07250490000001,
    "monthlyPrice": 140.0,
    "yearlyPrice": 1680.0
  },
  {
    "customerNumber": "A-069280",
    "displayName": "Ken  Rams",
    "address": "51 Par View Road",
    "city": "Rotonda West",
    "state": "FL",
    "zipCode": "33947",
    "territory": "All Pool - Outlying Maintenance",
    "technician": "Jovan Rodriguez",
    "dayOfWeek": "Monday",
    "latitude": 26.8979837,
    "longitude": -82.25707709999999,
    "monthlyPrice": 140.0,
    "yearlyPrice": 1680.0
  },
  {
    "customerNumber": "A-068961",
    "displayName": "Paul  McGowan",
    "address": "5314 Pine Shadow Lane",
    "city": "North Port",
    "state": "FL",
    "zipCode": "34287",
    "territory": "All Pool - Outlying Maintenance",
    "technician": "Unassigned",
    "dayOfWeek": "Friday",
    "latitude": 27.0607575,
    "longitude": -82.2184785,
    "monthlyPrice": 140.0,
    "yearlyPrice": 1680.0
  },
  {
    "customerNumber": "A-067965",
    "displayName": "Bill  Alford",
    "address": "590 Lookout Alley",
    "city": "Placida",
    "state": "FL",
    "zipCode": "33946",
    "territory": "All Pool - Outlying Maintenance",
    "technician": "Jovan Rodriguez",
    "dayOfWeek": "Monday",
    "latitude": 26.8447156,
    "longitude": -82.2825094,
    "monthlyPrice": 140.0,
    "yearlyPrice": 1680.0
  },
  {
    "customerNumber": "A-068651",
    "displayName": "Karry  Andrea",
    "address": "590 Port Bendres Drive",
    "city": "Punta Gorda",
    "state": "FL",
    "zipCode": "33950",
    "territory": "All Pool - Outlying Maintenance",
    "technician": "Jovan Rodriguez",
    "dayOfWeek": "Wednesday",
    "latitude": 26.8930574,
    "longitude": -82.0421822,
    "monthlyPrice": 140.0,
    "yearlyPrice": 1680.0
  },
  {
    "customerNumber": "A-069566",
    "displayName": "Rocky  Crittenden",
    "address": "709 Indian Beach Lane",
    "city": "Sarasota",
    "state": "FL",
    "zipCode": "34223",
    "territory": "All Pool - Outlying Maintenance",
    "technician": "Max Carlini",
    "dayOfWeek": "Wednesday",
    "latitude": 27.3668614,
    "longitude": -82.5566793,
    "monthlyPrice": 140.0,
    "yearlyPrice": 1680.0
  },
  {
    "customerNumber": "A-067982",
    "displayName": "Jim  Doherty",
    "address": "819 Napoli Lane",
    "city": "Punta Gorda",
    "state": "FL",
    "zipCode": "33950",
    "territory": "All Pool - Outlying Maintenance",
    "technician": "Jovan Rodriguez",
    "dayOfWeek": "Wednesday",
    "latitude": 26.9152433,
    "longitude": -82.0698357,
    "monthlyPrice": 140.0,
    "yearlyPrice": 1680.0
  },
  {
    "customerNumber": "A-068028",
    "displayName": "Debbie  Candia",
    "address": "8194 Olsen Street",
    "city": "Port Charlotte",
    "state": "FL",
    "zipCode": "33981",
    "territory": "All Pool - Outlying Maintenance",
    "technician": "Jovan Rodriguez",
    "dayOfWeek": "Monday",
    "latitude": 26.9108029,
    "longitude": -82.2203768,
    "monthlyPrice": 140.0,
    "yearlyPrice": 1680.0
  },
  {
    "customerNumber": "A-068833",
    "displayName": "Kent  Taylor",
    "address": "825 West Retta Esplanade",
    "city": "Punta Gorda",
    "state": "FL",
    "zipCode": "33950",
    "territory": "All Pool - Outlying Maintenance",
    "technician": "Jovan Rodriguez",
    "dayOfWeek": "Wednesday",
    "latitude": 26.93037,
    "longitude": -82.0590273,
    "monthlyPrice": 150.0,
    "yearlyPrice": 1800.0
  },
  {
    "customerNumber": "A-068834",
    "displayName": "Mark  Drywa",
    "address": "831 Columbia Street",
    "city": "Port Charlotte",
    "state": "FL",
    "zipCode": "33948",
    "territory": "All Pool - Outlying Maintenance",
    "technician": "Jovan Rodriguez",
    "dayOfWeek": "Friday",
    "latitude": 26.9932069,
    "longitude": -82.135759,
    "monthlyPrice": 140.0,
    "yearlyPrice": 1680.0
  },
  {
    "customerNumber": "A-069423",
    "displayName": "Betty  Jenkin",
    "address": "9415 Westminster Avenue",
    "city": "Englewood",
    "state": "FL",
    "zipCode": "34224",
    "territory": "All Pool - Outlying Maintenance",
    "technician": "Jovan Rodriguez",
    "dayOfWeek": "Monday",
    "latitude": 26.9198049,
    "longitude": -82.29253469999999,
    "monthlyPrice": 140.0,
    "yearlyPrice": 1680.0
  },
  {
    "customerNumber": "A-068399",
    "displayName": "Margaret  Cassano",
    "address": "943 Genoa Court",
    "city": "Punta Gorda",
    "state": "FL",
    "zipCode": "33950",
    "territory": "All Pool - Outlying Maintenance",
    "technician": "Jovan Rodriguez",
    "dayOfWeek": "Wednesday",
    "latitude": 26.9122912,
    "longitude": -82.06982029999999,
    "monthlyPrice": 140.0,
    "yearlyPrice": 1680.0
  },
  {
    "customerNumber": "A-068601",
    "displayName": "Max  Pokorny",
    "address": "95 Doubloon Drive",
    "city": "Placida",
    "state": "FL",
    "zipCode": "33946",
    "territory": "All Pool - Outlying Maintenance",
    "technician": "Jovan Rodriguez",
    "dayOfWeek": "Monday",
    "latitude": 26.8537104,
    "longitude": -82.2953543,
    "monthlyPrice": 140.0,
    "yearlyPrice": 1680.0
  }
]