[
  {
    "customerNumber": "A-005577",
    "accountName": "7th Avenue Estates - Maintenance - Ongoing (Winter and Summer) - 12/ 13/2024",
    "existingTerritory": "PHX - Comm Maint WV",
    "newTerritory": "Commercial",
    "address": "715 W Puget Ave",
    "city": "Phoenix",
    "state": "AZ",
    "zip": "85021",
    "daysOfService": "Every week on Tuesday, Thursday",
    "latitude": 33.5594209,
    "longitude": -112.0928747,
    "closestOffice": "Commercial",
    "distanceToClosest": 8.7
  },
  {
    "customerNumber": "A-035384",
    "accountName": "Alta Montana Vista Villas - Maintenance - Ongoing (Winter and Summer) - 12/ 17/2024",
    "existingTerritory": "PHX - Comm Maint Scottsdale",
    "newTerritory": "Commercial",
    "address": "11816 North Saguaro Boulevard",
    "city": "Fountain Hills",
    "state": "AZ",
    "zip": "85268",
    "daysOfService": "Every week on Thursday",
    "latitude": 33.606089,
    "longitude": -111.7432765,
    "closestOffice": "Commercial",
    "distanceToClosest": 12
  },
  {
    "customerNumber": "A-008623",
    "accountName": "Arcadia Greens Scottsdale - Maintenance - Ongoing (Winter and Summer) - 11/ 12/2024",
    "existingTerritory": "PHX - Comm Maint Scottsdale",
    "newTerritory": "Commercial",
    "address": "6159 E. Indian School",
    "city": "Scottsdale",
    "state": "AZ",
    "zip": "85251",
    "daysOfService": "Every week on Wednesday",
    "latitude": 33.4935134,
    "longitude": -111.9192394,
    "closestOffice": "Commercial",
    "distanceToClosest": 8.6
  },
  {
    "customerNumber": "A-069129",
    "accountName": "Argenta Apartments - Maintenance - Ongoing (Winter and Summer) - 08/ 29/2025",
    "existingTerritory": "PHX - E1",
    "newTerritory": "Commercial",
    "address": "4104 East Broadway Road",
    "city": "Mesa",
    "state": "AZ",
    "zip": "85206",
    "daysOfService": "Every week on Monday, Wednesday, Friday",
    "latitude": 33.3963369,
    "longitude": -111.7170929,
    "closestOffice": "East",
    "distanceToClosest": 10.8
  },
  {
    "customerNumber": "A-069380",
    "accountName": "Aspenwood - Maintenance - Ongoing (Winter and Summer) - 10/ 09/2025",
    "existingTerritory": "PHX - Comm Maint EV",
    "newTerritory": "Commercial",
    "address": "245 South 56th Street",
    "city": "Mesa",
    "state": "AZ",
    "zip": "85206",
    "daysOfService": "Every week on Monday, Wednesday, Friday",
    "latitude": 33.3963369,
    "longitude": -111.7170929,
    "closestOffice": "East",
    "distanceToClosest": 10.8
  },
  {
    "customerNumber": "A-063983",
    "accountName": "ASU Las Casas - Maintenance - Ongoing (Winter and Summer) - 05/ 23/2024",
    "existingTerritory": "PHX - Comm Maint WV",
    "newTerritory": "Commercial",
    "address": "13510 North 49th Avenue",
    "city": "Phoenix",
    "state": "AZ",
    "zip": "85051",
    "daysOfService": "Every week on Monday, Wednesday, Friday",
    "latitude": 33.5586588,
    "longitude": -112.132418,
    "closestOffice": "Commercial",
    "distanceToClosest": 7.6
  },
  {
    "customerNumber": "A-028316",
    "accountName": "AZIP Aster Gardens - Maintenance - Ongoing (Winter and Summer) - 12/ 16/2024",
    "existingTerritory": "PHX - Comm Maint WV",
    "newTerritory": "Commercial",
    "address": "1950 W Aster Drive",
    "city": "Phoenix",
    "state": "AZ",
    "zip": "85029",
    "daysOfService": "Every week on Monday, Wednesday, Friday",
    "latitude": 33.5947382,
    "longitude": -112.109861,
    "closestOffice": "Commercial",
    "distanceToClosest": 6.2
  },
  {
    "customerNumber": "A-000543",
    "accountName": "Best Western Tolleson - Maintenance - Ongoing (Winter and Summer) - 12/ 16/2024",
    "existingTerritory": "PHX - Comm Maint WV",
    "newTerritory": "Commercial",
    "address": "8421 W McDowell Rd",
    "city": "Tolleson",
    "state": "AZ",
    "zip": "85353",
    "daysOfService": "Every week on Monday, Friday",
    "latitude": 33.4175113,
    "longitude": -112.2769735,
    "closestOffice": "Commercial",
    "distanceToClosest": 17.6
  },
  {
    "customerNumber": "A-000131",
    "accountName": "Blackstone Country Club - Maintenance - Summer - 04/ 01/2025",
    "existingTerritory": "PHX - Comm Maint WV",
    "newTerritory": "Commercial",
    "address": "12101 W Blackstone Dr",
    "city": "Peoria",
    "state": "AZ",
    "zip": "85383",
    "daysOfService": "Every week on Monday, Wednesday, Friday",
    "latitude": 33.802087,
    "longitude": -112.2477027,
    "closestOffice": "Commercial",
    "distanceToClosest": 10.5
  },
  {
    "customerNumber": "A-067135",
    "accountName": "Cala Paradise Valley Apartments - Maintenance - Ongoing (Winter and Summer) - 04/01/2025",
    "existingTerritory": "PHX - Comm Maint Scottsdale",
    "newTerritory": "Commercial",
    "address": "12211 North Paradise Village Parkway West",
    "city": "Phoenix",
    "state": "AZ",
    "zip": "85032",
    "daysOfService": "Every week on Monday, Friday",
    "latitude": 33.6259203,
    "longitude": -112.0025027,
    "closestOffice": "Commercial",
    "distanceToClosest": 3
  },
  {
    "customerNumber": "A-030648",
    "accountName": "Canyon Church of Christ - Maintenance - Ongoing (Winter and Summer) - 12/ 31/2024",
    "existingTerritory": "PHX - Comm Maint Scottsdale",
    "newTerritory": "Commercial",
    "address": "34975 N. North Valley Parkway #136",
    "city": "Phoenix",
    "state": "AZ",
    "zip": "85086",
    "daysOfService": "Every week on Tuesday",
    "latitude": 33.815971,
    "longitude": -112.1198362,
    "closestOffice": "Commercial",
    "distanceToClosest": 11.3
  },
  {
    "customerNumber": "A-007614",
    "accountName": "Central Square - Maintenance - Upgrade Ongoing (Winter and Summer) - 09/ 19/2022",
    "existingTerritory": "PHX - Comm Maint Scottsdale",
    "newTerritory": "Commercial",
    "address": "8402 N Central Ave",
    "city": "Phoenix",
    "state": "AZ",
    "zip": "85020",
    "daysOfService": "Every week on Monday, Wednesday, Friday",
    "latitude": 33.5673508,
    "longitude": -112.0535909,
    "closestOffice": "Commercial",
    "distanceToClosest": 6.7
  },
  {
    "customerNumber": "A-052606",
    "accountName": "Collins Aerospace - Maintenance - Summer - 04/ 01/2025",
    "existingTerritory": "PHX - Comm Maint EV",
    "newTerritory": "Commercial",
    "address": "3414 South 5th Street",
    "city": "Phoenix",
    "state": "AZ",
    "zip": "85040",
    "daysOfService": "Every week on Monday, Tuesday, Thursday, Friday",
    "latitude": 33.4064788,
    "longitude": -112.0254688,
    "closestOffice": "East",
    "distanceToClosest": 14.5
  },
  {
    "customerNumber": "A-052606",
    "accountName": "Collins Aerospace - Maintenance - Winter - 10/ 01/2025",
    "existingTerritory": "PHX - Comm Maint EV",
    "newTerritory": "Commercial",
    "address": "3414 South 5th Street",
    "city": "Phoenix",
    "state": "AZ",
    "zip": "85040",
    "daysOfService": "Every week on Tuesday, Thursday",
    "latitude": 33.4064788,
    "longitude": -112.0254688,
    "closestOffice": "East",
    "distanceToClosest": 14.5
  },
  {
    "customerNumber": "A-035184",
    "accountName": "Cortez Canyon - Maintenance - Ongoing (Winter and Summer) - 12/ 31/2024",
    "existingTerritory": "PHX - Comm Maint WV",
    "newTerritory": "Commercial",
    "address": "1716 West Cortez Street",
    "city": "Phoenix",
    "state": "AZ",
    "zip": "85029",
    "daysOfService": "Every week on Monday, Wednesday, Friday",
    "latitude": 33.5947382,
    "longitude": -112.109861,
    "closestOffice": "Commercial",
    "distanceToClosest": 6.2
  },
  {
    "customerNumber": "A-067105",
    "accountName": "Courtyard Hotel - Maintenance - Ongoing (Winter and Summer) - 02/ 05/2025",
    "existingTerritory": "PHX - Comm Maint WV",
    "newTerritory": "Commercial",
    "address": "3600 North 2nd Avenue",
    "city": "Phoenix",
    "state": "AZ",
    "zip": "85013",
    "daysOfService": "Every week on Thursday",
    "latitude": 33.5110869,
    "longitude": -112.084749,
    "closestOffice": "Commercial",
    "distanceToClosest": 10.5
  },
  {
    "customerNumber": "A-005616",
    "accountName": "Desert Glory - Maintenance - Ongoing (Winter and Summer) - 10/ 07/2024",
    "existingTerritory": "PHX - Comm Maint EV",
    "newTerritory": "Commercial",
    "address": "8071 E Rugged Mountain Drive",
    "city": "Gold Canyon",
    "state": "AZ",
    "zip": "85118",
    "daysOfService": "Every week on Monday, Wednesday, Friday",
    "latitude": 33.3521289,
    "longitude": -111.3209893,
    "closestOffice": "East",
    "distanceToClosest": 30
  },
  {
    "customerNumber": "A-069105",
    "accountName": "Desert Scape - Maintenance - Ongoing (Winter and Summer) - 08/ 25/2025",
    "existingTerritory": "PHX - W4",
    "newTerritory": "Commercial",
    "address": "2050 West Dunlap Avenue",
    "city": "Phoenix",
    "state": "AZ",
    "zip": "85021",
    "daysOfService": "Every week on Monday, Wednesday, Friday",
    "latitude": 33.5594209,
    "longitude": -112.0928747,
    "closestOffice": "Commercial",
    "distanceToClosest": 8.7
  },
  {
    "customerNumber": "A-047918",
    "accountName": "Encore On First - Maintenance - Ongoing (Winter and Summer) - 10/ 29/2024",
    "existingTerritory": "PHX - Comm Maint EV",
    "newTerritory": "Commercial",
    "address": "25 West 1st Avenue",
    "city": "Mesa",
    "state": "AZ",
    "zip": "85210",
    "daysOfService": "Every week on Tuesday",
    "latitude": 33.3897328,
    "longitude": -111.8435049,
    "closestOffice": "East",
    "distanceToClosest": 8.2
  },
  {
    "customerNumber": "A-050695",
    "accountName": "Envi Phoenix - Maintenance - Ongoing (Winter and Summer) - 12/ 31/2024",
    "existingTerritory": "PHX - Comm Maint WV",
    "newTerritory": "Commercial",
    "address": "1241 North 53rd Avenue",
    "city": "Phoenix",
    "state": "AZ",
    "zip": "85043",
    "daysOfService": "Every week on Monday, Wednesday, Friday",
    "latitude": 33.4319054,
    "longitude": -112.1969982,
    "closestOffice": "Commercial",
    "distanceToClosest": 15.8
  },
  {
    "customerNumber": "A-067411",
    "accountName": "Envy Scottsdale - Maintenance - Ongoing (Winter and Summer) - 03/ 25/2025",
    "existingTerritory": "PHX - SC3",
    "newTerritory": "Commercial",
    "address": "4422 North 75th Street",
    "city": "Scottsdale",
    "state": "AZ",
    "zip": "85251",
    "daysOfService": "Every week on Monday, Wednesday, Friday",
    "latitude": 33.4935134,
    "longitude": -111.9192394,
    "closestOffice": "Commercial",
    "distanceToClosest": 8.6
  },
  {
    "customerNumber": "A-062522",
    "accountName": "Garden Villa - Maintenance - Ongoing (Winter and Summer) - 02/ 22/2024",
    "existingTerritory": "PHX - Comm Maint WV",
    "newTerritory": "Commercial",
    "address": "4028 West Dalphin Road",
    "city": "Phoenix",
    "state": "AZ",
    "zip": "85051",
    "daysOfService": "Every week on Monday, Wednesday, Friday",
    "latitude": 33.5586588,
    "longitude": -112.132418,
    "closestOffice": "Commercial",
    "distanceToClosest": 7.6
  },
  {
    "customerNumber": "A-068784",
    "accountName": "Golden Sands Apartment - Maintenance - Ongoing (Winter and Summer) - 07/ 21/2025",
    "existingTerritory": "PHX - E1",
    "newTerritory": "Commercial",
    "address": "630 East 9th Avenue",
    "city": "Apache Junction",
    "state": "AZ",
    "zip": "85119",
    "daysOfService": "Every week on Tuesday, Thursday",
    "latitude": 33.4096855,
    "longitude": -111.50196,
    "closestOffice": "East",
    "distanceToClosest": 21.3
  },
  {
    "customerNumber": "A-035160",
    "accountName": "Huntington University - Maintenance - Ongoing (Winter and Summer) - 10/ 29/2024",
    "existingTerritory": "PHX - Comm Maint WV",
    "newTerritory": "Commercial",
    "address": "8385 West Mariners Way",
    "city": "Peoria",
    "state": "AZ",
    "zip": "85382",
    "daysOfService": "Every week on Tuesday",
    "latitude": 33.6542905,
    "longitude": -112.2494735,
    "closestOffice": "Commercial",
    "distanceToClosest": 3.8
  },
  {
    "customerNumber": "A-038941",
    "accountName": "Legacy Property Management, LLC - Maintenance - Ongoing (Winter and Summer) - 10/ 30/2024",
    "existingTerritory": "PHX - Comm Maint WV",
    "newTerritory": "Commercial",
    "address": "16010 North 28th Avenue",
    "city": "Phoenix",
    "state": "AZ",
    "zip": "85053",
    "daysOfService": "Every week on Wednesday",
    "latitude": 33.6299394,
    "longitude": -112.1313442,
    "closestOffice": "Commercial",
    "distanceToClosest": 3.7
  },
  {
    "customerNumber": "A-066578",
    "accountName": "Manor Scottsdale - Maintenance - Ongoing (Winter and Summer) - 02/ 14/2025",
    "existingTerritory": "PHX - Comm Maint Scottsdale",
    "newTerritory": "Commercial",
    "address": "13220 North Scottsdale Road",
    "city": "Scottsdale",
    "state": "AZ",
    "zip": "85254",
    "daysOfService": "Every week on Monday, Wednesday, Friday",
    "latitude": 33.615485,
    "longitude": -111.9522349,
    "closestOffice": "Commercial",
    "distanceToClosest": 0
  },
  {
    "customerNumber": "A-005190",
    "accountName": "Melrose Makos - Maintenance - Summer - 03/ 31/2025",
    "existingTerritory": "PHX - Comm Maint Scottsdale",
    "newTerritory": "Commercial",
    "address": "11424  N 30th St",
    "city": "Phoenix",
    "state": "AZ",
    "zip": "85028",
    "daysOfService": "Every week on Monday, Tuesday, Wednesday, Thursday, Friday",
    "latitude": 33.5757399,
    "longitude": -112.0084094,
    "closestOffice": "Commercial",
    "distanceToClosest": 4.2
  },
  {
    "customerNumber": "A-005190",
    "accountName": "Melrose Makos - Maintenance - Winter - 01/ 01/2025",
    "existingTerritory": "PHX - Comm Maint Scottsdale",
    "newTerritory": "Commercial",
    "address": "11424  N 30th St",
    "city": "Phoenix",
    "state": "AZ",
    "zip": "85028",
    "daysOfService": "Every week on Tuesday, Thursday",
    "latitude": 33.5757399,
    "longitude": -112.0084094,
    "closestOffice": "Commercial",
    "distanceToClosest": 4.2
  },
  {
    "customerNumber": "A-069382",
    "accountName": "Mesa Shadows - Maintenance - Ongoing (Winter and Summer) - 10/ 09/2025",
    "existingTerritory": "PHX - Comm Maint EV",
    "newTerritory": "Commercial",
    "address": "205 South Higley Road",
    "city": "Mesa",
    "state": "AZ",
    "zip": "85206",
    "daysOfService": "Every week on Monday, Wednesday, Friday",
    "latitude": 33.3963369,
    "longitude": -111.7170929,
    "closestOffice": "East",
    "distanceToClosest": 10.8
  },
  {
    "customerNumber": "A-068679",
    "accountName": "Mesa Sunset - Maintenance - Ongoing (Winter and Summer) - 09/ 30/2025",
    "existingTerritory": "PHX - Comm Maint EV",
    "newTerritory": "Commercial",
    "address": "9252 East Broadway Road",
    "city": "Mesa",
    "state": "AZ",
    "zip": "85208",
    "daysOfService": "Every week on Monday, Wednesday, Friday",
    "latitude": 33.4033068,
    "longitude": -111.6280633,
    "closestOffice": "East",
    "distanceToClosest": 14.8
  },
  {
    "customerNumber": "A-006279",
    "accountName": "Miramonte Apartments - Maintenance - Ongoing (Winter and Summer) - 12/ 31/2024",
    "existingTerritory": "PHX - Comm Maint Scottsdale",
    "newTerritory": "Commercial",
    "address": "8025 E. Lincoln Drive",
    "city": "Scottsdale",
    "state": "AZ",
    "zip": "85250",
    "daysOfService": "Every week on Monday, Tuesday, Thursday, Friday",
    "latitude": 33.5344512,
    "longitude": -111.8873536,
    "closestOffice": "Commercial",
    "distanceToClosest": 6.7
  },
  {
    "customerNumber": "A-009017",
    "accountName": "Morrison Residence COMM - Maintenance - Ongoing (Winter and Summer) - 11/ 20/2024",
    "existingTerritory": "PHX - Comm Maint EV",
    "newTerritory": "Commercial",
    "address": "630 W Elliot Rd",
    "city": "Gilbert",
    "state": "AZ",
    "zip": "85233",
    "daysOfService": "Every week on Monday, Thursday",
    "latitude": 33.353505,
    "longitude": -111.811432,
    "closestOffice": "East",
    "distanceToClosest": 5.8
  },
  {
    "customerNumber": "A-063886",
    "accountName": "North Country Club Apartments - Maintenance - Ongoing (Winter and Summer) - 05/ 15/2024",
    "existingTerritory": "PHX - Comm Maint EV",
    "newTerritory": "Commercial",
    "address": "1505 North Country Club Drive",
    "city": "Mesa",
    "state": "AZ",
    "zip": "85201",
    "daysOfService": "Every week on Monday, Wednesday, Friday",
    "latitude": 33.4335449,
    "longitude": -111.8503995,
    "closestOffice": "East",
    "distanceToClosest": 11.2
  },
  {
    "customerNumber": "A-057681",
    "accountName": "Oxford Apartments - Maintenance - Ongoing (Winter and Summer) - 12/ 31/2024",
    "existingTerritory": "PHX - Comm Maint EV",
    "newTerritory": "Commercial",
    "address": "3777 East McDowell Road",
    "city": "Phoenix",
    "state": "AZ",
    "zip": "85008",
    "daysOfService": "Every week on Monday, Wednesday, Friday",
    "latitude": 33.4629542,
    "longitude": -111.985178,
    "closestOffice": "Commercial",
    "distanceToClosest": 10.7
  },
  {
    "customerNumber": "A-068675",
    "accountName": "Palm Vista - Maintenance - Ongoing (Winter and Summer) - 06/ 30/2025",
    "existingTerritory": "PHX - Comm Maint WV",
    "newTerritory": "Commercial",
    "address": "300 West Lower Buckeye Road",
    "city": "Avondale",
    "state": "AZ",
    "zip": "85323",
    "daysOfService": "Every week on Monday, Wednesday, Friday",
    "latitude": 33.4197465,
    "longitude": -112.3268903,
    "closestOffice": "Commercial",
    "distanceToClosest": 18.6
  },
  {
    "customerNumber": "A-051428",
    "accountName": "Paloma Village - Maintenance - Ongoing (Winter and Summer) - 12/ 16/2024",
    "existingTerritory": "PHX - Comm Maint WV",
    "newTerritory": "Commercial",
    "address": "2827 North 51st Avenue",
    "city": "Phoenix",
    "state": "AZ",
    "zip": "85035",
    "daysOfService": "Every week on Tuesday, Friday",
    "latitude": 33.4714493,
    "longitude": -112.1947323,
    "closestOffice": "Commercial",
    "distanceToClosest": 13.1
  },
  {
    "customerNumber": "A-007650",
    "accountName": "Pasternack Properties - Maintenance - Ongoing (Winter and Summer) - 11/ 27/2024",
    "existingTerritory": "PHX - Comm Maint Scottsdale",
    "newTerritory": "Commercial",
    "address": "745 E Maryland Ave #100",
    "city": "Phoenix",
    "state": "AZ",
    "zip": "85014",
    "daysOfService": "Every week on Tuesday, Thursday",
    "latitude": 33.5083158,
    "longitude": -112.0573513,
    "closestOffice": "Commercial",
    "distanceToClosest": 9.6
  },
  {
    "customerNumber": "A-068072",
    "accountName": "Pennington Place HOA - Maintenance - Summer - 05/ 01/2025",
    "existingTerritory": "PHX - Comm Maint EV",
    "newTerritory": "Commercial",
    "address": "1143 North Cholla Street",
    "city": "Chandler",
    "state": "AZ",
    "zip": "85224",
    "daysOfService": "Every week on Tuesday, Friday",
    "latitude": 33.324113,
    "longitude": -111.8782168,
    "closestOffice": "East",
    "distanceToClosest": 4.5
  },
  {
    "customerNumber": "A-033619",
    "accountName": "Phoenix Longhaven COMM - Maintenance - Ongoing (Winter and Summer) - 01/ 23/2025",
    "existingTerritory": "PHX - Comm Maint WV",
    "newTerritory": "Commercial",
    "address": "5201 West Camelback Road",
    "city": "Phoenix",
    "state": "AZ",
    "zip": "85031",
    "daysOfService": "Every week on Tuesday, Thursday",
    "latitude": 33.493971,
    "longitude": -112.1669261,
    "closestOffice": "Commercial",
    "distanceToClosest": 11.5
  },
  {
    "customerNumber": "A-065015",
    "accountName": "Queen Creek Unified School District - Maintenance - Ongoing (Winter and Summer) - 01/ 22/2025",
    "existingTerritory": "PHX - Comm Maint EV",
    "newTerritory": "Commercial",
    "address": "20255 E Chandler Heights Rd",
    "city": "Queen Creek",
    "state": "AZ",
    "zip": "85142",
    "daysOfService": "Every week on Monday, Tuesday, Thursday, Friday",
    "latitude": 33.1999903,
    "longitude": -111.6362938,
    "closestOffice": "East",
    "distanceToClosest": 12.3
  },
  {
    "customerNumber": "A-005209",
    "accountName": "Raintree Plaza - Maintenance - Ongoing (Winter and Summer) - 10/ 29/2024",
    "existingTerritory": "PHX - Comm Maint Scottsdale",
    "newTerritory": "Commercial",
    "address": "3505 E. Campbell",
    "city": "Phoenix",
    "state": "AZ",
    "zip": "85018",
    "daysOfService": "Every week on Tuesday, Thursday",
    "latitude": 33.5059563,
    "longitude": -111.985386,
    "closestOffice": "Commercial",
    "distanceToClosest": 7.8
  },
  {
    "customerNumber": "A-035406",
    "accountName": "Residences On First - Maintenance - Ongoing (Winter and Summer) - 12/ 13/2024",
    "existingTerritory": "PHX - Comm Maint EV",
    "newTerritory": "Commercial",
    "address": "63 West 1st Avenue",
    "city": "Mesa",
    "state": "AZ",
    "zip": "85210",
    "daysOfService": "Every week on Monday, Wednesday, Friday",
    "latitude": 33.3897328,
    "longitude": -111.8435049,
    "closestOffice": "East",
    "distanceToClosest": 8.2
  },
  {
    "customerNumber": "A-002054",
    "accountName": "Rose Terrace Apartments - Maintenance - Ongoing (Winter and Summer) - 12/ 31/2024",
    "existingTerritory": "PHX - Comm Maint WV",
    "newTerritory": "Commercial",
    "address": "525 E. Harrison Dr.",
    "city": "Avondale",
    "state": "AZ",
    "zip": "85323",
    "daysOfService": "Every week on Tuesday, Thursday",
    "latitude": 33.4197465,
    "longitude": -112.3268903,
    "closestOffice": "Commercial",
    "distanceToClosest": 18.6
  },
  {
    "customerNumber": "A-035842",
    "accountName": "San Stefano - Maintenance - Ongoing (Winter and Summer) - 12/ 31/2024",
    "existingTerritory": "PHX - Comm Maint EV",
    "newTerritory": "Commercial",
    "address": "677 East Commonwealth Avenue",
    "city": "Chandler",
    "state": "AZ",
    "zip": "85225",
    "daysOfService": "Every week on Tuesday, Thursday",
    "latitude": 33.317448,
    "longitude": -111.830487,
    "closestOffice": "East",
    "distanceToClosest": 3.1
  },
  {
    "customerNumber": "A-068677",
    "accountName": "Sevilla Sol - Maintenance - Ongoing (Winter and Summer) - 06/ 30/2025",
    "existingTerritory": "PHX - Comm Maint WV",
    "newTerritory": "Commercial",
    "address": "10201 North 99th Avenue",
    "city": "Peoria",
    "state": "AZ",
    "zip": "85345",
    "daysOfService": "Every week on Monday, Wednesday, Friday",
    "latitude": 33.5732438,
    "longitude": -112.2458515,
    "closestOffice": "Commercial",
    "distanceToClosest": 7
  },
  {
    "customerNumber": "A-068676",
    "accountName": "Solara Sands - Maintenance - Ongoing (Winter and Summer) - 06/ 30/2025",
    "existingTerritory": "PHX - Comm Maint WV",
    "newTerritory": "Commercial",
    "address": "10810 North 91st Avenue",
    "city": "Peoria",
    "state": "AZ",
    "zip": "85345",
    "daysOfService": "Every week on Monday, Wednesday, Friday",
    "latitude": 33.5732438,
    "longitude": -112.2458515,
    "closestOffice": "Commercial",
    "distanceToClosest": 7
  },
  {
    "customerNumber": "A-069160",
    "accountName": "Sonita Apartments - Maintenance - Ongoing (Winter and Summer) - 09/ 15/2025",
    "existingTerritory": "PHX - W2",
    "newTerritory": "Commercial",
    "address": "17445 West Lower Buckeye Road",
    "city": "Goodyear",
    "state": "AZ",
    "zip": "85338",
    "daysOfService": "Every week on Tuesday, Thursday",
    "latitude": 33.3736979,
    "longitude": -112.4102617,
    "closestOffice": "Commercial",
    "distanceToClosest": 23.7
  },
  {
    "customerNumber": "A-027256",
    "accountName": "Spectrum Retirement Communities - Enclave - Maintenance - Ongoing (Winter and Summer) - 01/ 22/2025",
    "existingTerritory": "PHX - Comm Maint Scottsdale",
    "newTerritory": "Commercial",
    "address": "42015 N Venture Dr",
    "city": "Anthem",
    "state": "AZ",
    "zip": "85086",
    "daysOfService": "Every week on Tuesday, Thursday",
    "latitude": 33.815971,
    "longitude": -112.1198362,
    "closestOffice": "Commercial",
    "distanceToClosest": 11.3
  },
  {
    "customerNumber": "A-002755",
    "accountName": "Suncrest HOA - Maintenance - Ongoing (Winter and Summer) - 12/ 31/2024",
    "existingTerritory": "PHX - Comm Maint WV",
    "newTerritory": "Commercial",
    "address": "9025 N. 52nd Ave",
    "city": "Glendale",
    "state": "AZ",
    "zip": "85302",
    "daysOfService": "Every week on Monday, Wednesday, Friday",
    "latitude": 33.5679716,
    "longitude": -112.1779609,
    "closestOffice": "Commercial",
    "distanceToClosest": 6.4
  },
  {
    "customerNumber": "A-067307",
    "accountName": "Sunrise at Stetson Hills - Maintenance - Summer - 05/ 01/2025",
    "existingTerritory": "PHX - Comm Maint WV",
    "newTerritory": "Commercial",
    "address": "24628 North 36th Avenue",
    "city": "Glendale",
    "state": "AZ",
    "zip": "85310",
    "daysOfService": "Every week on Monday, Wednesday, Friday",
    "latitude": 33.7076486,
    "longitude": -112.1592139,
    "closestOffice": "Commercial",
    "distanceToClosest": 3.5
  },
  {
    "customerNumber": "A-011691",
    "accountName": "Sunshine Valley 527400 - Maintenance - Ongoing (Winter and Summer) - 12/ 18/2024",
    "existingTerritory": "PHX - Comm Maint EV",
    "newTerritory": "Commercial",
    "address": "1650 S Arizona Ave",
    "city": "Chandler",
    "state": "AZ",
    "zip": "85286",
    "daysOfService": "Every week on Monday, Wednesday, Friday",
    "latitude": 33.2719948,
    "longitude": -111.8318985,
    "closestOffice": "East",
    "distanceToClosest": 0
  },
  {
    "customerNumber": "A-027195",
    "accountName": "Super 8 Chandler - Maintenance - Ongoing (Winter and Summer) - 12/ 31/2024",
    "existingTerritory": "PHX - Comm Maint EV",
    "newTerritory": "Commercial",
    "address": "7171 W Chandler Blvd",
    "city": "Chandler",
    "state": "AZ",
    "zip": "85226",
    "daysOfService": "Every week on Tuesday, Thursday",
    "latitude": 33.2505448,
    "longitude": -112.0158981,
    "closestOffice": "East",
    "distanceToClosest": 10.7
  },
  {
    "customerNumber": "A-000090",
    "accountName": "Tapatio Cove HOA - Maintenance - Ongoing (Winter and Summer) - 11/ 25/2024",
    "existingTerritory": "PHX - Comm Maint Scottsdale",
    "newTerritory": "Commercial",
    "address": "1005 E. Cochise",
    "city": "Phoenix",
    "state": "AZ",
    "zip": "85020",
    "daysOfService": "Every week on Monday, Wednesday, Friday",
    "latitude": 33.5673508,
    "longitude": -112.0535909,
    "closestOffice": "Commercial",
    "distanceToClosest": 6.7
  },
  {
    "customerNumber": "A-052754",
    "accountName": "The Bixby Hotel - Maintenance - Ongoing (Winter and Summer) - 09/ 10/2024",
    "existingTerritory": "PHX - Comm Maint Scottsdale",
    "newTerritory": "Commercial",
    "address": "409 North Scottsdale Road",
    "city": "Scottsdale",
    "state": "AZ",
    "zip": "85257",
    "daysOfService": "Every week on Thursday",
    "latitude": 33.4619603,
    "longitude": -111.9163918,
    "closestOffice": "Commercial",
    "distanceToClosest": 10.8
  },
  {
    "customerNumber": "A-064870",
    "accountName": "The Meadows Tempe - Maintenance - Ongoing (Winter and Summer) - 10/ 15/2024",
    "existingTerritory": "PHX - Comm Maint EV",
    "newTerritory": "Commercial",
    "address": "2401 West Southern Avenue",
    "city": "Tempe",
    "state": "AZ",
    "zip": "85282",
    "daysOfService": "Every week on Monday, Wednesday, Friday",
    "latitude": 33.3936822,
    "longitude": -111.9316977,
    "closestOffice": "East",
    "distanceToClosest": 10.2
  },
  {
    "customerNumber": "A-004202",
    "accountName": "The Regency - Maintenance - Ongoing (Winter and Summer) - 12/ 31/2024",
    "existingTerritory": "PHX - Comm Maint EV",
    "newTerritory": "Commercial",
    "address": "1100 E Lemon St.",
    "city": "Tempe",
    "state": "AZ",
    "zip": "85281",
    "daysOfService": "Every week on Tuesday, Thursday",
    "latitude": 33.4274133,
    "longitude": -111.933836,
    "closestOffice": "East",
    "distanceToClosest": 12.2
  },
  {
    "customerNumber": "A-027409",
    "accountName": "The Salvation Army - Maintenance - Ongoing (Winter and Summer) - 12/ 31/2024",
    "existingTerritory": "PHX - Comm Maint WV",
    "newTerritory": "Commercial",
    "address": "1625 S Central Avenue",
    "city": "Phoenix",
    "state": "AZ",
    "zip": "85004",
    "daysOfService": "Every week on Tuesday, Thursday",
    "latitude": 33.4515666,
    "longitude": -112.0698864,
    "closestOffice": "Commercial",
    "distanceToClosest": 13.2
  },
  {
    "customerNumber": "A-034246",
    "accountName": "The Symphony Apartments - Maintenance - Ongoing (Winter and Summer) - 08/ 05/2024",
    "existingTerritory": "PHX - Comm Maint WV",
    "newTerritory": "Commercial",
    "address": "1050 South 16th Drive",
    "city": "Phoenix",
    "state": "AZ",
    "zip": "85007",
    "daysOfService": "Every week on Monday, Wednesday, Friday",
    "latitude": 33.4476142,
    "longitude": -112.0908828,
    "closestOffice": "Commercial",
    "distanceToClosest": 14.1
  },
  {
    "customerNumber": "A-064715",
    "accountName": "Toscano Villas - Maintenance - Ongoing (Winter and Summer) - 07/ 29/2024",
    "existingTerritory": "PHX - Comm Maint EV",
    "newTerritory": "Commercial",
    "address": "5370 South Desert Dawn Drive",
    "city": "Gold Canyon",
    "state": "AZ",
    "zip": "85118",
    "daysOfService": "Every week on Monday, Wednesday, Friday",
    "latitude": 33.3521289,
    "longitude": -111.3209893,
    "closestOffice": "East",
    "distanceToClosest": 30
  },
  {
    "customerNumber": "A-066486",
    "accountName": "Town Chandler - Maintenance - Ongoing (Winter and Summer) - 05/ 23/2025",
    "existingTerritory": "PHX - Comm Maint EV",
    "newTerritory": "Commercial",
    "address": "2375 W Frye Rd",
    "city": "Chandler",
    "state": "AZ",
    "zip": "85224",
    "daysOfService": "Every week on Monday, Wednesday, Friday",
    "latitude": 33.324113,
    "longitude": -111.8782168,
    "closestOffice": "East",
    "distanceToClosest": 4.5
  },
  {
    "customerNumber": "A-000043",
    "accountName": "Tudor Plaza - Maintenance - Ongoing (Winter and Summer) - 12/ 13/2024",
    "existingTerritory": "PHX - Comm Maint Scottsdale",
    "newTerritory": "Commercial",
    "address": "4105 North 20th Street",
    "city": "Phoenix",
    "state": "AZ",
    "zip": "85016",
    "daysOfService": "Every week on Thursday",
    "latitude": 33.511517,
    "longitude": -112.019166,
    "closestOffice": "Commercial",
    "distanceToClosest": 8.1
  },
  {
    "customerNumber": "A-067177",
    "accountName": "Urban connected - Maintenance - Ongoing (Winter and Summer) - 02/ 06/2025",
    "existingTerritory": "PHX - Comm Maint EV",
    "newTerritory": "Commercial",
    "address": "1220 North 44th Street",
    "city": "Phoenix",
    "state": "AZ",
    "zip": "85008",
    "daysOfService": "Every week on Tuesday, Friday",
    "latitude": 33.4629542,
    "longitude": -111.985178,
    "closestOffice": "Commercial",
    "distanceToClosest": 10.7
  },
  {
    "customerNumber": "A-057770",
    "accountName": "Village Square Apartments - Maintenance - Ongoing (Winter and Summer) - 11/ 12/2024",
    "existingTerritory": "PHX - Comm Maint Scottsdale",
    "newTerritory": "Commercial",
    "address": "14014 North 32nd Street",
    "city": "Phoenix",
    "state": "AZ",
    "zip": "85032",
    "daysOfService": "Every week on Tuesday, Thursday",
    "latitude": 33.6259203,
    "longitude": -112.0025027,
    "closestOffice": "Commercial",
    "distanceToClosest": 3
  },
  {
    "customerNumber": "A-052410",
    "accountName": "Westward Ho - Maintenance - Ongoing (Winter and Summer) - 08/ 01/2024",
    "existingTerritory": "PHX - Comm Maint WV",
    "newTerritory": "Commercial",
    "address": "618 North Central Avenue",
    "city": "Phoenix",
    "state": "AZ",
    "zip": "85004",
    "daysOfService": "Every week on Monday, Wednesday, Friday",
    "latitude": 33.4515666,
    "longitude": -112.0698864,
    "closestOffice": "Commercial",
    "distanceToClosest": 13.2
  },
  {
    "customerNumber": "A-002827",
    "accountName": "Wilson Townhomes - Maintenance - Ongoing (Winter and Summer) - 12/ 31/2024",
    "existingTerritory": "PHX - Comm Maint EV",
    "newTerritory": "Commercial",
    "address": "540 S Wilson St",
    "city": "Tempe",
    "state": "AZ",
    "zip": "85281",
    "daysOfService": "Every week on Tuesday, Thursday",
    "latitude": 33.4274133,
    "longitude": -111.933836,
    "closestOffice": "East",
    "distanceToClosest": 12.2
  },
  {
    "customerNumber": "A-063588",
    "accountName": "Cadence Education ORO - Maintenance - Ongoing (Winter and Summer) - 06/ 04/2024",
    "existingTerritory": "TC 1 - Resi/Comm",
    "newTerritory": "Commercial",
    "address": "10361 N ORACLE ROAD",
    "city": "ORO VALLEY",
    "state": "AZ",
    "zip": "85737",
    "daysOfService": "Every week on Monday, Wednesday, Friday",
    "latitude": 32.4146149,
    "longitude": -110.9465615,
    "closestOffice": "Tucson",
    "distanceToClosest": 78.4
  },
  {
    "customerNumber": "A-067634",
    "accountName": "CCV Church - Maintenance - Ongoing (Winter and Summer) - 04/ 16/2025",
    "existingTerritory": "PC 1 - Resi/Comm",
    "newTerritory": "Commercial",
    "address": "19475 North Porter Road",
    "city": "Maricopa",
    "state": "AZ",
    "zip": "85138",
    "daysOfService": "Every week on Friday",
    "latitude": 33.0072862,
    "longitude": -111.9892581,
    "closestOffice": "East",
    "distanceToClosest": 20.4
  },
  {
    "customerNumber": "A-068271",
    "accountName": "East Laurel Complex - Maintenance - Ongoing (Winter and Summer) - 06/ 05/2025",
    "existingTerritory": "PC 1 - Resi/Comm",
    "newTerritory": "Commercial",
    "address": "734 East Laurel Drive",
    "city": "Casa Grande",
    "state": "AZ",
    "zip": "85122",
    "daysOfService": "Every week on Thursday",
    "latitude": 32.9171249,
    "longitude": -111.7442097,
    "closestOffice": "East",
    "distanceToClosest": 25
  },
  {
    "customerNumber": "A-067572",
    "accountName": "Super 8 Casa Grande - Maintenance - Ongoing (Winter and Summer) - 03/ 25/2025",
    "existingTerritory": "PC 1 - Resi/Comm",
    "newTerritory": "Commercial",
    "address": "2066 East Florence Boulevard",
    "city": "Casa Grande",
    "state": "AZ",
    "zip": "85122",
    "daysOfService": "Every week on Wednesday",
    "latitude": 32.9171249,
    "longitude": -111.7442097,
    "closestOffice": "East",
    "distanceToClosest": 25
  },
  {
    "customerNumber": "A-068450",
    "accountName": "Tucson House - Maintenance - Ongoing (Winter and Summer) - 06/ 24/2025",
    "existingTerritory": "TC 1 - Resi/Comm",
    "newTerritory": "Commercial",
    "address": "1501 North Oracle Road",
    "city": "Tucson",
    "state": "AZ",
    "zip": "85705",
    "daysOfService": "Every week on Monday, Wednesday, Friday",
    "latitude": 32.2713547,
    "longitude": -110.9920511,
    "closestOffice": "Tucson",
    "distanceToClosest": 84.6
  },
  {
    "customerNumber": "A-034186",
    "accountName": "Val Vista RV Resort - Maintenance - Ongoing (Winter and Summer) - 08/ 09/2021",
    "existingTerritory": "PC 1 - Resi/Comm",
    "newTerritory": "Commercial",
    "address": "16680 West Val Vista Boulevard",
    "city": "Casa Grande",
    "state": "AZ",
    "zip": "85122",
    "daysOfService": "Every week on Monday, Thursday",
    "latitude": 32.9171249,
    "longitude": -111.7442097,
    "closestOffice": "East",
    "distanceToClosest": 25
  },
  {
    "customerNumber": "A-026640",
    "accountName": "Villa de Jardines HOA - Maintenance - Summer/Winter Ongoing 10/29/2021",
    "existingTerritory": "PC 1 - Resi/Comm",
    "newTerritory": "Commercial",
    "address": "1858 E Sandalwood Loop",
    "city": "Casa Grande",
    "state": "AZ",
    "zip": "85122",
    "daysOfService": "Every week on Monday, Wednesday, Friday",
    "latitude": 32.9171249,
    "longitude": -111.7442097,
    "closestOffice": "East",
    "distanceToClosest": 25
  },
  {
    "customerNumber": "A-035682",
    "accountName": "Village At Grande Valley Ranch - Maintenance W/Salt- Ongoing (Winter and Summer) - 04/ 04/2022",
    "existingTerritory": "PC 1 - Resi/Comm",
    "newTerritory": "Commercial",
    "address": "1350 Fairway Drive",
    "city": "Eloy",
    "state": "AZ",
    "zip": "85131",
    "daysOfService": "Every week on Monday, Thursday",
    "latitude": 32.6725108,
    "longitude": -111.5472781,
    "closestOffice": "East",
    "distanceToClosest": 44.6
  }
]