[
  {
    "customerNumber": "A-036768",
    "accountName": "Coinco Investment Co Inc",
    "address": "1755 N.E. 164th Street",
    "city": "North Miami Beach",
    "state": "FL",
    "zip": "33162",
    "route": "15 AFP Route Kymani P",
    "routeTech": "Kymani P",
    "daysOfServiceRaw": "Every week on Tuesday, Friday",
    "days": [
      "Tuesday",
      "Friday"
    ],
    "monthlyPrice": 0,
    "oldTerritory": "AFP - NW Miami",
    "latitude": 25.9273391,
    "longitude": -80.1646205,
    "reassigned": false,
    "originalRoute": "15 AFP Route Kymani P",
    "originalTech": "Kymani P"
  },
  {
    "customerNumber": "A-037608",
    "accountName": "Miami Jewish Home & Hospital",
    "address": "5200 N.E. 2nd Avenue",
    "city": "Miami",
    "state": "FL",
    "zip": "33137",
    "route": "15 AFP Route Kymani P",
    "routeTech": "Kymani P",
    "daysOfServiceRaw": "Every week on Monday",
    "days": [
      "Monday",
      "Wednesday",
      "Friday"
    ],
    "monthlyPrice": 0,
    "oldTerritory": "AFP - Downtown Miami",
    "latitude": 25.8233259,
    "longitude": -80.1934346,
    "reassigned": false,
    "originalRoute": "15 AFP Route Kymani P",
    "originalTech": "Kymani P"
  },
  {
    "customerNumber": "A-038372",
    "accountName": "Woodlands Condominiums",
    "address": "14351 Memorial Highway",
    "city": "Miami",
    "state": "FL",
    "zip": "33161",
    "route": "15 AFP Route Kymani P",
    "routeTech": "Kymani P",
    "daysOfServiceRaw": "Every week on Monday, Thursday",
    "days": [
      "Monday",
      "Thursday"
    ],
    "monthlyPrice": 0,
    "oldTerritory": "AFP - NW Miami",
    "latitude": 25.9066326,
    "longitude": -80.1960502,
    "reassigned": false,
    "originalRoute": "15 AFP Route Kymani P",
    "originalTech": "Kymani P"
  },
  {
    "customerNumber": "A-038374",
    "accountName": "Windward I",
    "address": "1225 N.E. 124th Street",
    "city": "North Miami",
    "state": "FL",
    "zip": "33161",
    "route": "15 AFP Route Kymani P",
    "routeTech": "Kymani P",
    "daysOfServiceRaw": "Every week on Monday, Thursday",
    "days": [
      "Monday",
      "Thursday"
    ],
    "monthlyPrice": 0,
    "oldTerritory": "AFP - NW Miami",
    "latitude": 25.8901838,
    "longitude": -80.1733726,
    "reassigned": false,
    "originalRoute": "15 AFP Route Kymani P",
    "originalTech": "Kymani P"
  },
  {
    "customerNumber": "A-038377",
    "accountName": "Wendover Condo",
    "address": "13101 Memorial Highway Apt 105",
    "city": "North Miami",
    "state": "FL",
    "zip": "33161",
    "route": "15 AFP Route Kymani P",
    "routeTech": "Kymani P",
    "daysOfServiceRaw": "Every week on Monday, Thursday",
    "days": [
      "Monday",
      "Thursday"
    ],
    "monthlyPrice": 0,
    "oldTerritory": "AFP - NW Miami",
    "latitude": 25.8958398,
    "longitude": -80.1936024,
    "reassigned": false,
    "originalRoute": "15 AFP Route Kymani P",
    "originalTech": "Kymani P"
  },
  {
    "customerNumber": "A-038475",
    "accountName": "Ola Condo",
    "address": "15201 N.E. 6th Avenue",
    "city": "North Miami",
    "state": "FL",
    "zip": "33162",
    "route": "15 AFP Route Kymani P",
    "routeTech": "Kymani P",
    "daysOfServiceRaw": "Every week on Tuesday",
    "days": [
      "Tuesday"
    ],
    "monthlyPrice": 0,
    "oldTerritory": "AFP - NW Miami",
    "latitude": 25.9149888,
    "longitude": -80.187209,
    "reassigned": false,
    "originalRoute": "15 AFP Route Kymani P",
    "originalTech": "Kymani P"
  },
  {
    "customerNumber": "A-038476",
    "accountName": "Aquachild Swim School",
    "address": "16604 N.E. 2nd Avenue",
    "city": "Miami",
    "state": "FL",
    "zip": "33162",
    "route": "15 AFP Route Kymani P",
    "routeTech": "Kymani P",
    "daysOfServiceRaw": "Every week on Tuesday",
    "days": [
      "Tuesday"
    ],
    "monthlyPrice": 0,
    "oldTerritory": "AFP - NW Miami",
    "latitude": 25.9276394,
    "longitude": -80.1964639,
    "reassigned": false,
    "originalRoute": "15 AFP Route Kymani P",
    "originalTech": "Kymani P"
  },
  {
    "customerNumber": "A-038477",
    "accountName": "Three Seasons Condo",
    "address": "16400 N.E. 17th Avenue",
    "city": "North Miami Beach",
    "state": "FL",
    "zip": "33162",
    "route": "15 AFP Route Kymani P",
    "routeTech": "Kymani P",
    "daysOfServiceRaw": "Every week on Monday",
    "days": [
      "Monday"
    ],
    "monthlyPrice": 0,
    "oldTerritory": "AFP - NW Miami",
    "latitude": 25.9273572,
    "longitude": -80.1664498,
    "reassigned": false,
    "originalRoute": "15 AFP Route Kymani P",
    "originalTech": "Kymani P"
  },
  {
    "customerNumber": "A-038482",
    "accountName": "Lake Terraces Apartments - (Eff. 1/1/24 Balancing Included)",
    "address": "45 N.W. 203rd Terrace",
    "city": "Miami",
    "state": "FL",
    "zip": "33169",
    "route": "15 AFP Route Kymani P",
    "routeTech": "Kymani P",
    "daysOfServiceRaw": "Every week on Monday, Thursday",
    "days": [
      "Monday",
      "Thursday"
    ],
    "monthlyPrice": 0,
    "oldTerritory": "AFP - NW Miami",
    "latitude": 25.9614941,
    "longitude": -80.20250030000001,
    "reassigned": false,
    "originalRoute": "15 AFP Route Kymani P",
    "originalTech": "Kymani P"
  },
  {
    "customerNumber": "A-038499",
    "accountName": "Mariner Bay Club",
    "address": "12000 North Bayshore Drive",
    "city": "North Miami",
    "state": "FL",
    "zip": "33181",
    "route": "15 AFP Route Kymani P",
    "routeTech": "Kymani P",
    "daysOfServiceRaw": "Every week on Monday, Thursday",
    "days": [
      "Monday",
      "Thursday"
    ],
    "monthlyPrice": 0,
    "oldTerritory": "AFP - NW Miami",
    "latitude": 25.8877918,
    "longitude": -80.1520913,
    "reassigned": false,
    "originalRoute": "15 AFP Route Kymani P",
    "originalTech": "Kymani P"
  },
  {
    "customerNumber": "A-038502",
    "accountName": "Keystone Bay Condo Assoc Inc.",
    "address": "2640 N.E. 135th Street",
    "city": "North Miami",
    "state": "FL",
    "zip": "33181",
    "route": "15 AFP Route Kymani P",
    "routeTech": "Kymani P",
    "daysOfServiceRaw": "Every week on Monday",
    "days": [
      "Monday"
    ],
    "monthlyPrice": 0,
    "oldTerritory": "AFP - NW Miami",
    "latitude": 25.9006605,
    "longitude": -80.1457368,
    "reassigned": false,
    "originalRoute": "15 AFP Route Kymani P",
    "originalTech": "Kymani P"
  },
  {
    "customerNumber": "A-039246",
    "accountName": "Mediterranea Home Owners Association",
    "address": "355 Ives Dairy Road",
    "city": "Miami",
    "state": "FL",
    "zip": "33179",
    "route": "15 AFP Route Kymani P",
    "routeTech": "Kymani P",
    "daysOfServiceRaw": "Every week on Tuesday, Friday",
    "days": [
      "Tuesday",
      "Friday"
    ],
    "monthlyPrice": 0,
    "oldTerritory": "AFP - NW Miami",
    "latitude": 25.9598223,
    "longitude": -80.19366,
    "reassigned": false,
    "originalRoute": "15 AFP Route Kymani P",
    "originalTech": "Kymani P"
  },
  {
    "customerNumber": "A-046880",
    "accountName": "Woodside Apartments Association",
    "address": "16950 West Dixie Highway",
    "city": "North Miami Beach",
    "state": "FL",
    "zip": "33160",
    "route": "15 AFP Route Kymani P",
    "routeTech": "Kymani P",
    "daysOfServiceRaw": "Every week on Tuesday, Friday",
    "days": [
      "Tuesday",
      "Friday"
    ],
    "monthlyPrice": 0,
    "oldTerritory": "AFP - NW Miami",
    "latitude": 25.9313934,
    "longitude": -80.15524359999999,
    "reassigned": false,
    "originalRoute": "15 AFP Route Kymani P",
    "originalTech": "Kymani P"
  },
  {
    "customerNumber": "A-061995",
    "accountName": "Victory Gardens",
    "address": "650 Northeast 149th Street",
    "city": "North Miami",
    "state": "FL",
    "zip": "33161",
    "route": "15 AFP Route Kymani P",
    "routeTech": "Kymani P",
    "daysOfServiceRaw": "Every week on Monday, Thursday",
    "days": [
      "Monday",
      "Thursday"
    ],
    "monthlyPrice": 0,
    "oldTerritory": "AFP - NW Miami",
    "latitude": 25.9117978,
    "longitude": -80.1862658,
    "reassigned": false,
    "originalRoute": "15 AFP Route Kymani P",
    "originalTech": "Kymani P"
  },
  {
    "customerNumber": "A-062369",
    "accountName": "Three Horizons Recreation Center",
    "address": "1465 Northeast 123rd Street",
    "city": "North Miami",
    "state": "FL",
    "zip": "33161",
    "route": "15 AFP Route Kymani P",
    "routeTech": "Kymani P",
    "daysOfServiceRaw": "Every week on Tuesday, Friday",
    "days": [
      "Tuesday",
      "Friday"
    ],
    "monthlyPrice": 0,
    "oldTerritory": "AFP - NW Miami",
    "latitude": 25.8904129,
    "longitude": -80.1691906,
    "reassigned": false,
    "originalRoute": "15 AFP Route Kymani P",
    "originalTech": "Kymani P"
  },
  {
    "customerNumber": "A-063363",
    "accountName": "Island Shores Condominium",
    "address": "2903 Northeast 163rd Street",
    "city": "North Miami Beach",
    "state": "FL",
    "zip": "33160",
    "route": "15 AFP Route Kymani P",
    "routeTech": "Kymani P",
    "daysOfServiceRaw": "Every week on Monday, Thursday",
    "days": [
      "Monday",
      "Thursday"
    ],
    "monthlyPrice": 0,
    "oldTerritory": "AFP - Miami Beach",
    "latitude": 25.9269751,
    "longitude": -80.1422571,
    "reassigned": false,
    "originalRoute": "15 AFP Route Kymani P",
    "originalTech": "Kymani P"
  },
  {
    "customerNumber": "A-067141",
    "accountName": "Canal Park",
    "address": "3323 Northeast 163rd Street",
    "city": "North Miami Beach",
    "state": "FL",
    "zip": "33160",
    "route": "15 AFP Route Kymani P",
    "routeTech": "Kymani P",
    "daysOfServiceRaw": "Every week on Tuesday, Thursday",
    "days": [
      "Tuesday",
      "Thursday"
    ],
    "monthlyPrice": 0,
    "oldTerritory": "AFP - Miami Beach",
    "latitude": 25.9279836,
    "longitude": -80.13745019999999,
    "reassigned": false,
    "originalRoute": "15 AFP Route Kymani P",
    "originalTech": "Kymani P"
  },
  {
    "customerNumber": "A-067150",
    "accountName": "Namnum Residence",
    "address": "19001 Northeast 21st Avenue",
    "city": "North Miami Beach",
    "state": "FL",
    "zip": "33179",
    "route": "15 AFP Route Kymani P",
    "routeTech": "Kymani P",
    "daysOfServiceRaw": "Every week on Monday",
    "days": [
      "Monday"
    ],
    "monthlyPrice": 0,
    "oldTerritory": "AFP - NW Miami",
    "latitude": 25.9508436,
    "longitude": -80.15836639999999,
    "reassigned": false,
    "originalRoute": "15 AFP Route Kymani P",
    "originalTech": "Kymani P"
  },
  {
    "customerNumber": "A-067757",
    "accountName": "Windward II",
    "address": "1250 Northeast 125th Street",
    "city": "North Miami",
    "state": "FL",
    "zip": "33161",
    "route": "15 AFP Route Kymani P",
    "routeTech": "Kymani P",
    "daysOfServiceRaw": "Every week on Monday, Thursday",
    "days": [
      "Monday",
      "Thursday"
    ],
    "monthlyPrice": 0,
    "oldTerritory": "AFP - NW Miami",
    "latitude": 25.89051,
    "longitude": -80.17325129999999,
    "reassigned": false,
    "originalRoute": "15 AFP Route Kymani P",
    "originalTech": "Kymani P"
  },
  {
    "customerNumber": "A-068162",
    "accountName": "Solo Miami Residences",
    "address": "840 Northeast 130th Street",
    "city": "North Miami",
    "state": "FL",
    "zip": "33161",
    "route": "15 AFP Route Kymani P",
    "routeTech": "Kymani P",
    "daysOfServiceRaw": "Every week on Tuesday, Friday",
    "days": [
      "Tuesday",
      "Friday"
    ],
    "monthlyPrice": 0,
    "oldTerritory": "AFP - NW Miami",
    "latitude": 25.894842,
    "longitude": -80.1811421,
    "reassigned": false,
    "originalRoute": "15 AFP Route Kymani P",
    "originalTech": "Kymani P"
  },
  {
    "customerNumber": "A-069833",
    "accountName": "Plaza of Americas Club Condo",
    "address": "17001 North Bay Road",
    "city": "Sunny Isles Beach",
    "state": "FL",
    "zip": "33160",
    "route": "15 AFP Route Kymani P",
    "routeTech": "Kymani P",
    "daysOfServiceRaw": "Every week on Monday, Wednesday, Friday",
    "days": [
      "Monday",
      "Wednesday",
      "Friday"
    ],
    "monthlyPrice": 0,
    "oldTerritory": "AFP - Miami Beach",
    "latitude": 25.9319784,
    "longitude": -80.1257857,
    "reassigned": false,
    "originalRoute": "15 AFP Route Kymani P",
    "originalTech": "Kymani P"
  },
  {
    "customerNumber": "A-037950",
    "accountName": "Coral Haven Apartments",
    "address": "10255 Coral Way",
    "city": "Miami",
    "state": "FL",
    "zip": "33165",
    "route": "15 AFP Route Kymani P",
    "routeTech": "Kymani P",
    "daysOfServiceRaw": "Every week on Monday",
    "days": [
      "Monday"
    ],
    "monthlyPrice": 0,
    "oldTerritory": "AFP - SW Miami",
    "latitude": 25.7470781,
    "longitude": -80.3613298,
    "originalRoute": "14 AFP Route Jorge A",
    "originalTech": "Jorge A",
    "reassigned": true
  },
  {
    "customerNumber": "A-038484",
    "accountName": "Birchwood The Apartments",
    "address": "8940 N.W. 8th Street",
    "city": "Miami",
    "state": "FL",
    "zip": "33172",
    "route": "15 AFP Route Kymani P",
    "routeTech": "Kymani P",
    "daysOfServiceRaw": "Every week on Monday",
    "days": [
      "Monday"
    ],
    "monthlyPrice": 0,
    "oldTerritory": "AFP - Downtown Miami",
    "latitude": 25.779858,
    "longitude": -80.3408786,
    "originalRoute": "14 AFP Route Jorge A",
    "originalTech": "Jorge A",
    "reassigned": true
  },
  {
    "customerNumber": "A-037219",
    "accountName": "Sail Condo Association Inc",
    "address": "170 S.E. 14th Street",
    "city": "Miami",
    "state": "FL",
    "zip": "33131",
    "route": "15 AFP Route Kymani P",
    "routeTech": "Kymani P",
    "daysOfServiceRaw": "Every week on Tuesday, Friday",
    "days": [
      "Tuesday",
      "Friday"
    ],
    "monthlyPrice": 0,
    "oldTerritory": "AFP - Downtown Miami",
    "latitude": 25.7597362,
    "longitude": -80.1907397,
    "originalRoute": "11 AFP Route Honatann B",
    "originalTech": "Honatann B",
    "reassigned": true
  },
  {
    "customerNumber": "A-037224",
    "accountName": "Cloisters on the Bay Condominium",
    "address": "3471 Main Highway",
    "city": "Miami",
    "state": "FL",
    "zip": "33133",
    "route": "15 AFP Route Kymani P",
    "routeTech": "Kymani P",
    "daysOfServiceRaw": "Every week on Tuesday, Friday",
    "days": [
      "Tuesday",
      "Friday"
    ],
    "monthlyPrice": 0,
    "oldTerritory": "AFP - SW Miami",
    "latitude": 25.7261265,
    "longitude": -80.2427711,
    "originalRoute": "14 AFP Route Jorge A",
    "originalTech": "Jorge A",
    "reassigned": true
  },
  {
    "customerNumber": "A-037607",
    "accountName": "Morningside Palm Condo",
    "address": "650 N.E. 61th Street",
    "city": "Miami",
    "state": "FL",
    "zip": "33137",
    "route": "15 AFP Route Kymani P",
    "routeTech": "Kymani P",
    "daysOfServiceRaw": "Every week on Tuesday, Friday",
    "days": [
      "Tuesday",
      "Friday"
    ],
    "monthlyPrice": 0,
    "oldTerritory": "AFP - Downtown Miami",
    "latitude": 25.8323986,
    "longitude": -80.1828858,
    "originalRoute": "8 AFP Route Spartacus P",
    "originalTech": "Spartacus P",
    "reassigned": true
  },
  {
    "customerNumber": "A-037723",
    "accountName": "Bellagio Condo",
    "address": "421 Northeast 68th Street",
    "city": "Miami",
    "state": "FL",
    "zip": "33138",
    "route": "15 AFP Route Kymani P",
    "routeTech": "Kymani P",
    "daysOfServiceRaw": "Every week on Tuesday, Thursday",
    "days": [
      "Tuesday",
      "Thursday"
    ],
    "monthlyPrice": 0,
    "oldTerritory": "AFP - Downtown Miami",
    "latitude": 25.8383752,
    "longitude": -80.1873877,
    "originalRoute": "8 AFP Route Spartacus P",
    "originalTech": "Spartacus P",
    "reassigned": true
  },
  {
    "customerNumber": "A-037719",
    "accountName": "Belle Plaza Condominium",
    "address": "20 Island Avenue",
    "city": "Miami Beach",
    "state": "FL",
    "zip": "33139",
    "route": "15 AFP Route Kymani P",
    "routeTech": "Kymani P",
    "daysOfServiceRaw": "Every week on Monday, Tuesday, Thursday, Friday",
    "days": [
      "Monday",
      "Tuesday",
      "Thursday",
      "Friday"
    ],
    "monthlyPrice": 0,
    "oldTerritory": "AFP - Miami Beach",
    "latitude": 25.7902935,
    "longitude": -80.1461729,
    "originalRoute": "Unassigned",
    "originalTech": "Unassigned",
    "reassigned": true
  },
  {
    "customerNumber": "A-037065",
    "accountName": "Palms Association of Alton Road",
    "address": "1025 Alton Road",
    "city": "Miami Beach",
    "state": "FL",
    "zip": "33139",
    "route": "22 AFP Route Ramon R",
    "routeTech": "Ramon R",
    "daysOfServiceRaw": "Every week on Tuesday, Friday",
    "days": [
      "Tuesday",
      "Friday"
    ],
    "monthlyPrice": 0,
    "oldTerritory": "AFP - Miami Beach",
    "latitude": 25.7811661,
    "longitude": -80.1406494,
    "reassigned": false,
    "originalRoute": "22 AFP Route Ramon R",
    "originalTech": "Ramon R"
  },
  {
    "customerNumber": "A-037713",
    "accountName": "Park Hotel LLC",
    "address": "355 19th Street",
    "city": "Miami Beach",
    "state": "FL",
    "zip": "33139",
    "route": "22 AFP Route Ramon R",
    "routeTech": "Ramon R",
    "daysOfServiceRaw": "Every week on Tuesday",
    "days": [
      "Tuesday"
    ],
    "monthlyPrice": 0,
    "oldTerritory": "AFP - Miami Beach",
    "latitude": 25.795129,
    "longitude": -80.1311994,
    "reassigned": false,
    "originalRoute": "22 AFP Route Ramon R",
    "originalTech": "Ramon R"
  },
  {
    "customerNumber": "A-037714",
    "accountName": "Hotel Romina On The Beach",
    "address": "524 Ocean Drive",
    "city": "Miami Beach",
    "state": "FL",
    "zip": "33139",
    "route": "22 AFP Route Ramon R",
    "routeTech": "Ramon R",
    "daysOfServiceRaw": "Every week on Monday, Thursday",
    "days": [
      "Monday",
      "Thursday"
    ],
    "monthlyPrice": 0,
    "oldTerritory": "AFP - Miami Beach",
    "latitude": 25.7752033,
    "longitude": -80.1320933,
    "reassigned": false,
    "originalRoute": "22 AFP Route Ramon R",
    "originalTech": "Ramon R"
  },
  {
    "customerNumber": "A-037740",
    "accountName": "Lighthouse Co-op Apartments",
    "address": "4730 Pinetree Drive",
    "city": "Miami Beach",
    "state": "FL",
    "zip": "33140",
    "route": "22 AFP Route Ramon R",
    "routeTech": "Ramon R",
    "daysOfServiceRaw": "MISSING",
    "days": [
      "Unknown"
    ],
    "monthlyPrice": 0,
    "oldTerritory": "AFP - Miami Beach",
    "latitude": 25.8226931,
    "longitude": -80.1263204,
    "reassigned": false,
    "originalRoute": "22 AFP Route Ramon R",
    "originalTech": "Ramon R"
  },
  {
    "customerNumber": "A-037826",
    "accountName": "Bay Point Apartments",
    "address": "1830 South Treasure Drive",
    "city": "Miami Beach",
    "state": "FL",
    "zip": "33141",
    "route": "22 AFP Route Ramon R",
    "routeTech": "Ramon R",
    "daysOfServiceRaw": "Every week on Tuesday",
    "days": [
      "Tuesday"
    ],
    "monthlyPrice": 0,
    "oldTerritory": "AFP - Miami Beach",
    "latitude": 25.8445088,
    "longitude": -80.1478758,
    "reassigned": false,
    "originalRoute": "22 AFP Route Ramon R",
    "originalTech": "Ramon R"
  },
  {
    "customerNumber": "A-037831",
    "accountName": "Beach Place Hotel",
    "address": "8601 Harding Avenue",
    "city": "Miami Beach",
    "state": "FL",
    "zip": "33141",
    "route": "22 AFP Route Ramon R",
    "routeTech": "Ramon R",
    "daysOfServiceRaw": "Every week on Tuesday",
    "days": [
      "Tuesday"
    ],
    "monthlyPrice": 0,
    "oldTerritory": "AFP - Miami Beach",
    "latitude": 25.8711172,
    "longitude": -80.1222269,
    "reassigned": false,
    "originalRoute": "22 AFP Route Ramon R",
    "originalTech": "Ramon R"
  },
  {
    "customerNumber": "A-037832",
    "accountName": "International Inn",
    "address": "2301 Normandy Drive",
    "city": "Miami Beach",
    "state": "FL",
    "zip": "33141",
    "route": "22 AFP Route Ramon R",
    "routeTech": "Ramon R",
    "daysOfServiceRaw": "Every week on Monday, Thursday",
    "days": [
      "Monday",
      "Thursday"
    ],
    "monthlyPrice": 0,
    "oldTerritory": "AFP - Miami Beach",
    "latitude": 25.8512909,
    "longitude": -80.1439487,
    "reassigned": false,
    "originalRoute": "22 AFP Route Ramon R",
    "originalTech": "Ramon R"
  },
  {
    "customerNumber": "A-037833",
    "accountName": "Gardens On The Bay",
    "address": "6484 Indian Creek Drive",
    "city": "Miami Beach",
    "state": "FL",
    "zip": "33141",
    "route": "22 AFP Route Ramon R",
    "routeTech": "Ramon R",
    "daysOfServiceRaw": "Every week on Monday, Thursday",
    "days": [
      "Monday",
      "Thursday"
    ],
    "monthlyPrice": 0,
    "oldTerritory": "AFP - Miami Beach",
    "latitude": 25.8479294,
    "longitude": -80.1215856,
    "reassigned": false,
    "originalRoute": "22 AFP Route Ramon R",
    "originalTech": "Ramon R"
  },
  {
    "customerNumber": "A-037836",
    "accountName": "Bay Plaza Condominium",
    "address": "7125 Bay Drive",
    "city": "Miami Beach",
    "state": "FL",
    "zip": "33141",
    "route": "22 AFP Route Ramon R",
    "routeTech": "Ramon R",
    "daysOfServiceRaw": "Every week on Monday, Thursday",
    "days": [
      "Monday",
      "Thursday"
    ],
    "monthlyPrice": 0,
    "oldTerritory": "AFP - Miami Beach",
    "latitude": 25.8564353,
    "longitude": -80.1279137,
    "reassigned": false,
    "originalRoute": "22 AFP Route Ramon R",
    "originalTech": "Ramon R"
  },
  {
    "customerNumber": "A-037900",
    "accountName": "9040 Collins Ave LLC",
    "address": "9040 Collins Avenue",
    "city": "Surfside",
    "state": "FL",
    "zip": "33154",
    "route": "22 AFP Route Ramon R",
    "routeTech": "Ramon R",
    "daysOfServiceRaw": "Every week on Wednesday",
    "days": [
      "Wednesday"
    ],
    "monthlyPrice": 0,
    "oldTerritory": "AFP - Miami Beach",
    "latitude": 25.8770632,
    "longitude": -80.1221051,
    "reassigned": false,
    "originalRoute": "22 AFP Route Ramon R",
    "originalTech": "Ramon R"
  },
  {
    "customerNumber": "A-037905",
    "accountName": "Belmont Condominium",
    "address": "10101 East Bay Harbor Drive",
    "city": "Bay Harbor",
    "state": "FL",
    "zip": "33154",
    "route": "22 AFP Route Ramon R",
    "routeTech": "Ramon R",
    "daysOfServiceRaw": "Every week on Monday, Thursday",
    "days": [
      "Monday",
      "Thursday"
    ],
    "monthlyPrice": 0,
    "oldTerritory": "AFP - Miami Beach",
    "latitude": 25.8913476,
    "longitude": -80.1306611,
    "reassigned": false,
    "originalRoute": "22 AFP Route Ramon R",
    "originalTech": "Ramon R"
  },
  {
    "customerNumber": "A-037907",
    "accountName": "Regency Hall Condominium",
    "address": "1155 97th Street",
    "city": "Bay Harbor",
    "state": "FL",
    "zip": "33154",
    "route": "22 AFP Route Ramon R",
    "routeTech": "Ramon R",
    "daysOfServiceRaw": "Every week on Tuesday, Thursday",
    "days": [
      "Tuesday",
      "Thursday"
    ],
    "monthlyPrice": 0,
    "oldTerritory": "AFP - Miami Beach",
    "latitude": 25.8879748,
    "longitude": -80.13242939999999,
    "reassigned": false,
    "originalRoute": "22 AFP Route Ramon R",
    "originalTech": "Ramon R"
  },
  {
    "customerNumber": "A-037913",
    "accountName": "Admiralty Inc.",
    "address": "10150 Collins Avenue",
    "city": "Bal Harbor",
    "state": "FL",
    "zip": "33154",
    "route": "22 AFP Route Ramon R",
    "routeTech": "Ramon R",
    "daysOfServiceRaw": "Every week on Monday, Thursday",
    "days": [
      "Monday",
      "Thursday"
    ],
    "monthlyPrice": 0,
    "oldTerritory": "AFP - Miami Beach",
    "latitude": 25.8928443,
    "longitude": -80.1247436,
    "reassigned": false,
    "originalRoute": "22 AFP Route Ramon R",
    "originalTech": "Ramon R"
  },
  {
    "customerNumber": "A-037919",
    "accountName": "Montego Club Condominium",
    "address": "10180 West Bay Harbor Drive",
    "city": "Bay Harbor",
    "state": "FL",
    "zip": "33154",
    "route": "22 AFP Route Ramon R",
    "routeTech": "Ramon R",
    "daysOfServiceRaw": "Every week on Monday, Thursday",
    "days": [
      "Monday",
      "Thursday"
    ],
    "monthlyPrice": 0,
    "oldTerritory": "AFP - Miami Beach",
    "latitude": 25.8923094,
    "longitude": -80.13387630000001,
    "reassigned": false,
    "originalRoute": "22 AFP Route Ramon R",
    "originalTech": "Ramon R"
  },
  {
    "customerNumber": "A-038044",
    "accountName": "2925 Indian Creek Drive LLC",
    "address": "2925 Indian Creek Drive",
    "city": "Miami Beach",
    "state": "FL",
    "zip": "33140",
    "route": "22 AFP Route Ramon R",
    "routeTech": "Ramon R",
    "daysOfServiceRaw": "Every week on Monday, Wednesday, Friday",
    "days": [
      "Monday",
      "Wednesday",
      "Friday"
    ],
    "monthlyPrice": 0,
    "oldTerritory": "AFP - Miami Beach",
    "latitude": 25.8058389,
    "longitude": -80.1258074,
    "reassigned": false,
    "originalRoute": "22 AFP Route Ramon R",
    "originalTech": "Ramon R"
  },
  {
    "customerNumber": "A-038355",
    "accountName": "Venice Villas Condo (Eff. 1/1/24 Balancing Included)",
    "address": "2233 Calais Drive",
    "city": "Miami Beach",
    "state": "FL",
    "zip": "33141",
    "route": "22 AFP Route Ramon R",
    "routeTech": "Ramon R",
    "daysOfServiceRaw": "Every week on Monday, Thursday",
    "days": [
      "Monday",
      "Thursday"
    ],
    "monthlyPrice": 0,
    "oldTerritory": "AFP - Miami Beach",
    "latitude": 25.8532692,
    "longitude": -80.14440739999999,
    "reassigned": false,
    "originalRoute": "22 AFP Route Ramon R",
    "originalTech": "Ramon R"
  },
  {
    "customerNumber": "A-038358",
    "accountName": "WaterPoint Condo",
    "address": "3868 N.E. 169th Street",
    "city": "N Miami Beach",
    "state": "FL",
    "zip": "33160",
    "route": "22 AFP Route Ramon R",
    "routeTech": "Ramon R",
    "daysOfServiceRaw": "Every week on Tuesday, Thursday",
    "days": [
      "Tuesday",
      "Thursday"
    ],
    "monthlyPrice": 0,
    "oldTerritory": "AFP - Miami Beach",
    "latitude": 25.9356047,
    "longitude": -80.1331094,
    "reassigned": false,
    "originalRoute": "22 AFP Route Ramon R",
    "originalTech": "Ramon R"
  },
  {
    "customerNumber": "A-038359",
    "accountName": "Sunny Shores Condo",
    "address": "3716 N.E. 168th Street unit 100",
    "city": "Miami",
    "state": "FL",
    "zip": "33160",
    "route": "22 AFP Route Ramon R",
    "routeTech": "Ramon R",
    "daysOfServiceRaw": "Every week on Tuesday, Thursday",
    "days": [
      "Tuesday",
      "Thursday"
    ],
    "monthlyPrice": 0,
    "oldTerritory": "AFP - Miami Beach",
    "latitude": 25.9345361,
    "longitude": -80.1348376,
    "reassigned": false,
    "originalRoute": "22 AFP Route Ramon R",
    "originalTech": "Ramon R"
  },
  {
    "customerNumber": "A-038363",
    "accountName": "Bay Country Club",
    "address": "17720 North Bay Road",
    "city": "Sunny Isles Beach",
    "state": "FL",
    "zip": "33160",
    "route": "22 AFP Route Ramon R",
    "routeTech": "Ramon R",
    "daysOfServiceRaw": "Every week on Monday",
    "days": [
      "Monday"
    ],
    "monthlyPrice": 0,
    "oldTerritory": "AFP - Miami Beach",
    "latitude": 25.9399653,
    "longitude": -80.1261529,
    "reassigned": false,
    "originalRoute": "22 AFP Route Ramon R",
    "originalTech": "Ramon R"
  },
  {
    "customerNumber": "A-038364",
    "accountName": "Le Maisonneuve Condo",
    "address": "17700 North Bay Road",
    "city": "North Miami Beach",
    "state": "FL",
    "zip": "33160",
    "route": "22 AFP Route Ramon R",
    "routeTech": "Ramon R",
    "daysOfServiceRaw": "Every week on Monday",
    "days": [
      "Monday"
    ],
    "monthlyPrice": 0,
    "oldTerritory": "AFP - Miami Beach",
    "latitude": 25.9409844,
    "longitude": -80.12572349999999,
    "reassigned": false,
    "originalRoute": "22 AFP Route Ramon R",
    "originalTech": "Ramon R"
  },
  {
    "customerNumber": "A-038366",
    "accountName": "Arlen House",
    "address": "300 Bay View Drive",
    "city": "Sunny Isles Beach",
    "state": "FL",
    "zip": "33160",
    "route": "22 AFP Route Ramon R",
    "routeTech": "Ramon R",
    "daysOfServiceRaw": "Every week on Monday",
    "days": [
      "Monday"
    ],
    "monthlyPrice": 0,
    "oldTerritory": "AFP - Miami Beach",
    "latitude": 25.9223531,
    "longitude": -80.12508129999999,
    "reassigned": false,
    "originalRoute": "22 AFP Route Ramon R",
    "originalTech": "Ramon R"
  },
  {
    "customerNumber": "A-038503",
    "accountName": "Bahia Vista",
    "address": "1750 N.E. 115th Street",
    "city": "North Miami",
    "state": "FL",
    "zip": "33181",
    "route": "22 AFP Route Ramon R",
    "routeTech": "Ramon R",
    "daysOfServiceRaw": "Every week on Tuesday, Friday",
    "days": [
      "Tuesday",
      "Friday"
    ],
    "monthlyPrice": 0,
    "oldTerritory": "AFP - NW Miami",
    "latitude": 25.8816791,
    "longitude": -80.1629541,
    "reassigned": false,
    "originalRoute": "22 AFP Route Ramon R",
    "originalTech": "Ramon R"
  },
  {
    "customerNumber": "A-038504",
    "accountName": "North Gate Condo",
    "address": "1701 N.E. 115th Street",
    "city": "Miami",
    "state": "FL",
    "zip": "33181",
    "route": "22 AFP Route Ramon R",
    "routeTech": "Ramon R",
    "daysOfServiceRaw": "Every week on Tuesday, Thursday",
    "days": [
      "Tuesday",
      "Thursday"
    ],
    "monthlyPrice": 0,
    "oldTerritory": "AFP - NW Miami",
    "latitude": 25.882802,
    "longitude": -80.1641389,
    "reassigned": false,
    "originalRoute": "22 AFP Route Ramon R",
    "originalTech": "Ramon R"
  },
  {
    "customerNumber": "A-039807",
    "accountName": "Roof Top Hotel",
    "address": "803 5th Street",
    "city": "Miami Beach",
    "state": "FL",
    "zip": "33139",
    "route": "22 AFP Route Ramon R",
    "routeTech": "Ramon R",
    "daysOfServiceRaw": "Every week on Tuesday, Friday",
    "days": [
      "Tuesday",
      "Friday"
    ],
    "monthlyPrice": 0,
    "oldTerritory": "AFP - Miami Beach",
    "latitude": 25.7747949,
    "longitude": -80.1363367,
    "reassigned": false,
    "originalRoute": "22 AFP Route Ramon R",
    "originalTech": "Ramon R"
  },
  {
    "customerNumber": "A-045024",
    "accountName": "Sun Harbor Boutique Hotel",
    "address": "9576 Collins Avenue",
    "city": "Surfside",
    "state": "FL",
    "zip": "33154",
    "route": "22 AFP Route Ramon R",
    "routeTech": "Ramon R",
    "daysOfServiceRaw": "Every week on Tuesday, Friday",
    "days": [
      "Tuesday",
      "Friday"
    ],
    "monthlyPrice": 0,
    "oldTerritory": "AFP - Miami Beach",
    "latitude": 25.8867039,
    "longitude": -80.1231243,
    "reassigned": false,
    "originalRoute": "22 AFP Route Ramon R",
    "originalTech": "Ramon R"
  },
  {
    "customerNumber": "A-046624",
    "accountName": "Atlantic Towers",
    "address": "18100 Atlantic Boulevard",
    "city": "Sunny Isles Beach",
    "state": "FL",
    "zip": "33160",
    "route": "22 AFP Route Ramon R",
    "routeTech": "Ramon R",
    "daysOfServiceRaw": "Every week on Tuesday, Friday",
    "days": [
      "Tuesday",
      "Friday"
    ],
    "monthlyPrice": 0,
    "oldTerritory": "AFP - Miami Beach",
    "latitude": 25.9437057,
    "longitude": -80.1231895,
    "reassigned": false,
    "originalRoute": "22 AFP Route Ramon R",
    "originalTech": "Ramon R"
  },
  {
    "customerNumber": "A-056514",
    "accountName": "Le Cartier Condo",
    "address": "201 178th Drive",
    "city": "Sunny Isles Beach",
    "state": "FL",
    "zip": "33160",
    "route": "22 AFP Route Ramon R",
    "routeTech": "Ramon R",
    "daysOfServiceRaw": "Every week on Monday, Wednesday, Friday",
    "days": [
      "Monday",
      "Wednesday",
      "Friday"
    ],
    "monthlyPrice": 0,
    "oldTerritory": "AFP - Miami Beach",
    "latitude": 25.9403921,
    "longitude": -80.12399979999999,
    "reassigned": false,
    "originalRoute": "22 AFP Route Ramon R",
    "originalTech": "Ramon R"
  },
  {
    "customerNumber": "A-057639",
    "accountName": "Winston Towers 400",
    "address": "231 174th Street",
    "city": "Sunny Isles Beach",
    "state": "FL",
    "zip": "33160",
    "route": "22 AFP Route Ramon R",
    "routeTech": "Ramon R",
    "daysOfServiceRaw": "Every week on Monday, Wednesday, Friday",
    "days": [
      "Monday",
      "Wednesday",
      "Friday"
    ],
    "monthlyPrice": 0,
    "oldTerritory": "AFP - Miami Beach",
    "latitude": 25.9374748,
    "longitude": -80.1249667,
    "reassigned": false,
    "originalRoute": "22 AFP Route Ramon R",
    "originalTech": "Ramon R"
  },
  {
    "customerNumber": "A-066613",
    "accountName": "Beach Plaza South",
    "address": "2939 Indian Creek Drive",
    "city": "Miami Beach",
    "state": "FL",
    "zip": "33140",
    "route": "22 AFP Route Ramon R",
    "routeTech": "Ramon R",
    "daysOfServiceRaw": "Every week on Tuesday, Friday",
    "days": [
      "Tuesday",
      "Friday"
    ],
    "monthlyPrice": 0,
    "oldTerritory": "AFP - Miami Beach",
    "latitude": 25.8060303,
    "longitude": -80.1257262,
    "reassigned": false,
    "originalRoute": "22 AFP Route Ramon R",
    "originalTech": "Ramon R"
  },
  {
    "customerNumber": "A-068448",
    "accountName": "Park Isle Club Apartments",
    "address": "780 73rd Street",
    "city": "Miami Beach",
    "state": "FL",
    "zip": "33141",
    "route": "22 AFP Route Ramon R",
    "routeTech": "Ramon R",
    "daysOfServiceRaw": "Every week on Monday, Thursday",
    "days": [
      "Monday",
      "Thursday"
    ],
    "monthlyPrice": 0,
    "oldTerritory": "AFP - Miami Beach",
    "latitude": 25.8573325,
    "longitude": -80.1259348,
    "reassigned": false,
    "originalRoute": "22 AFP Route Ramon R",
    "originalTech": "Ramon R"
  },
  {
    "customerNumber": "A-037414",
    "accountName": "Mystic Point Tower 600",
    "address": "3400 Northeast 192 Street",
    "city": "Aventura",
    "state": "FL",
    "zip": "33180",
    "route": "23 AFP Route Juan C",
    "routeTech": "Juan C",
    "daysOfServiceRaw": "Every week on Monday, Wednesday, Friday",
    "days": [
      "Monday",
      "Wednesday",
      "Friday"
    ],
    "monthlyPrice": 0,
    "oldTerritory": "AFP - NW Miami",
    "latitude": 25.9541832,
    "longitude": -80.13267689999999,
    "reassigned": false,
    "originalRoute": "23 AFP Route Juan C",
    "originalTech": "Juan C"
  },
  {
    "customerNumber": "A-037617",
    "accountName": "Island Terrace Condominum",
    "address": "5 Island Avenue",
    "city": "Miami Beach",
    "state": "FL",
    "zip": "33139",
    "route": "23 AFP Route Juan C",
    "routeTech": "Juan C",
    "daysOfServiceRaw": "Every week on Monday",
    "days": [
      "Monday"
    ],
    "monthlyPrice": 0,
    "oldTerritory": "AFP - Miami Beach",
    "latitude": 25.7905795,
    "longitude": -80.1494319,
    "reassigned": false,
    "originalRoute": "23 AFP Route Juan C",
    "originalTech": "Juan C"
  },
  {
    "customerNumber": "A-037704",
    "accountName": "Byron Park Condo",
    "address": "7921 Byron Avenue",
    "city": "Miami Beach",
    "state": "FL",
    "zip": "33141",
    "route": "23 AFP Route Juan C",
    "routeTech": "Juan C",
    "daysOfServiceRaw": "Every week on Tuesday, Thursday",
    "days": [
      "Tuesday",
      "Thursday"
    ],
    "monthlyPrice": 0,
    "oldTerritory": "AFP - Miami Beach",
    "latitude": 25.8647195,
    "longitude": -80.12362279999999,
    "reassigned": false,
    "originalRoute": "23 AFP Route Juan C",
    "originalTech": "Juan C"
  },
  {
    "customerNumber": "A-037717",
    "accountName": "Georgian Condo",
    "address": "1621 Collins Avenue",
    "city": "Miami Beach",
    "state": "FL",
    "zip": "33139",
    "route": "23 AFP Route Juan C",
    "routeTech": "Juan C",
    "daysOfServiceRaw": "Every week on Monday",
    "days": [
      "Monday"
    ],
    "monthlyPrice": 0,
    "oldTerritory": "AFP - Miami Beach",
    "latitude": 25.7899347,
    "longitude": -80.12976689999999,
    "reassigned": false,
    "originalRoute": "23 AFP Route Juan C",
    "originalTech": "Juan C"
  },
  {
    "customerNumber": "A-037721",
    "accountName": "Octagon Towers",
    "address": "1881 Washington Avenue",
    "city": "Miami Beach",
    "state": "FL",
    "zip": "33139",
    "route": "23 AFP Route Juan C",
    "routeTech": "Juan C",
    "daysOfServiceRaw": "Every week on Monday",
    "days": [
      "Monday"
    ],
    "monthlyPrice": 0,
    "oldTerritory": "AFP - Miami Beach",
    "latitude": 25.7948516,
    "longitude": -80.1316981,
    "reassigned": false,
    "originalRoute": "23 AFP Route Juan C",
    "originalTech": "Juan C"
  },
  {
    "customerNumber": "A-037736",
    "accountName": "Pine Tree Palms Condo",
    "address": "4780 Pinetree Drive",
    "city": "Miami Beach",
    "state": "FL",
    "zip": "33140",
    "route": "23 AFP Route Juan C",
    "routeTech": "Juan C",
    "daysOfServiceRaw": "Every week on Tuesday, Thursday",
    "days": [
      "Tuesday",
      "Thursday"
    ],
    "monthlyPrice": 0,
    "oldTerritory": "AFP - Miami Beach",
    "latitude": 25.8234619,
    "longitude": -80.1259884,
    "reassigned": false,
    "originalRoute": "23 AFP Route Juan C",
    "originalTech": "Juan C"
  },
  {
    "customerNumber": "A-037824",
    "accountName": "Casablanca Villa Condo Associa",
    "address": "6362 Collins Avenue",
    "city": "Miami Beach",
    "state": "FL",
    "zip": "33141",
    "route": "23 AFP Route Juan C",
    "routeTech": "Juan C",
    "daysOfServiceRaw": "Every week on Tuesday, Friday",
    "days": [
      "Tuesday",
      "Friday"
    ],
    "monthlyPrice": 0,
    "oldTerritory": "AFP - Miami Beach",
    "latitude": 25.8455974,
    "longitude": -80.12083090000002,
    "reassigned": false,
    "originalRoute": "23 AFP Route Juan C",
    "originalTech": "Juan C"
  },
  {
    "customerNumber": "A-037825",
    "accountName": "Tatum BPM Units LLC",
    "address": "7950 Tatum Waterway Drive",
    "city": "Miami Beach",
    "state": "FL",
    "zip": "33141",
    "route": "23 AFP Route Juan C",
    "routeTech": "Juan C",
    "daysOfServiceRaw": "Every week on Monday, Thursday",
    "days": [
      "Monday",
      "Thursday"
    ],
    "monthlyPrice": 0,
    "oldTerritory": "AFP - Miami Beach",
    "latitude": 25.8650036,
    "longitude": -80.1252777,
    "reassigned": false,
    "originalRoute": "23 AFP Route Juan C",
    "originalTech": "Juan C"
  },
  {
    "customerNumber": "A-037834",
    "accountName": "North Bay Villa",
    "address": "1801 South Treasure Drive",
    "city": "Miami Beach",
    "state": "FL",
    "zip": "33141",
    "route": "23 AFP Route Juan C",
    "routeTech": "Juan C",
    "daysOfServiceRaw": "Every week on Monday",
    "days": [
      "Monday"
    ],
    "monthlyPrice": 0,
    "oldTerritory": "AFP - Miami Beach",
    "latitude": 25.8450158,
    "longitude": -80.1478301,
    "reassigned": false,
    "originalRoute": "23 AFP Route Juan C",
    "originalTech": "Juan C"
  },
  {
    "customerNumber": "A-037858",
    "accountName": "Lotos Townhomes BPM Units LLC",
    "address": "1101 101st Street",
    "city": "Bay Harbor",
    "state": "FL",
    "zip": "33154",
    "route": "23 AFP Route Juan C",
    "routeTech": "Juan C",
    "daysOfServiceRaw": "Every week on Tuesday, Thursday",
    "days": [
      "Tuesday",
      "Thursday"
    ],
    "monthlyPrice": 0,
    "oldTerritory": "AFP - Miami Beach",
    "latitude": 25.8918614,
    "longitude": -80.1317145,
    "reassigned": false,
    "originalRoute": "23 AFP Route Juan C",
    "originalTech": "Juan C"
  },
  {
    "customerNumber": "A-037899",
    "accountName": "Habitat Condo",
    "address": "1175 101st Street",
    "city": "Bay Harbor",
    "state": "FL",
    "zip": "33154",
    "route": "23 AFP Route Juan C",
    "routeTech": "Juan C",
    "daysOfServiceRaw": "Every week on Monday, Thursday",
    "days": [
      "Monday",
      "Thursday"
    ],
    "monthlyPrice": 0,
    "oldTerritory": "AFP - Miami Beach",
    "latitude": 25.8918321,
    "longitude": -80.1330825,
    "reassigned": false,
    "originalRoute": "23 AFP Route Juan C",
    "originalTech": "Juan C"
  },
  {
    "customerNumber": "A-037906",
    "accountName": "Bouganvillea Condo ** NEED SIGNATURE FOR WORK **",
    "address": "1065 98th Street",
    "city": "Bay Harbor Islands",
    "state": "FL",
    "zip": "33154",
    "route": "23 AFP Route Juan C",
    "routeTech": "Juan C",
    "daysOfServiceRaw": "Every week on Monday, Thursday",
    "days": [
      "Monday",
      "Thursday"
    ],
    "monthlyPrice": 0,
    "oldTerritory": "AFP - Miami Beach",
    "latitude": 25.8890175,
    "longitude": -80.130865,
    "reassigned": false,
    "originalRoute": "23 AFP Route Juan C",
    "originalTech": "Juan C"
  },
  {
    "customerNumber": "A-037908",
    "accountName": "Harbour Bay Condo (Eff. 1/1/24 Balancing Included)",
    "address": "10281 East Bay Harbor Drive",
    "city": "Bay Harbor Islands",
    "state": "FL",
    "zip": "33154",
    "route": "23 AFP Route Juan C",
    "routeTech": "Juan C",
    "daysOfServiceRaw": "Every week on Tuesday",
    "days": [
      "Tuesday"
    ],
    "monthlyPrice": 0,
    "oldTerritory": "AFP - Miami Beach",
    "latitude": 25.89366,
    "longitude": -80.1316054,
    "reassigned": false,
    "originalRoute": "23 AFP Route Juan C",
    "originalTech": "Juan C"
  },
  {
    "customerNumber": "A-037912",
    "accountName": "Oceanus Condo",
    "address": "1060 92nd Street",
    "city": "Miami Beach",
    "state": "FL",
    "zip": "33154",
    "route": "23 AFP Route Juan C",
    "routeTech": "Juan C",
    "daysOfServiceRaw": "Every week on Monday, Thursday",
    "days": [
      "Monday",
      "Thursday"
    ],
    "monthlyPrice": 0,
    "oldTerritory": "AFP - Miami Beach",
    "latitude": 25.8825843,
    "longitude": -80.13039409999999,
    "reassigned": false,
    "originalRoute": "23 AFP Route Juan C",
    "originalTech": "Juan C"
  },
  {
    "customerNumber": "A-037932",
    "accountName": "Venture at Aventura",
    "address": "18800 N.E. 29th Avenue",
    "city": "Aventura",
    "state": "FL",
    "zip": "33180",
    "route": "23 AFP Route Juan C",
    "routeTech": "Juan C",
    "daysOfServiceRaw": "Every week on Tuesday, Friday",
    "days": [
      "Tuesday",
      "Friday"
    ],
    "monthlyPrice": 0,
    "oldTerritory": "AFP - NW Miami",
    "latitude": 25.9492528,
    "longitude": -80.1435977,
    "reassigned": false,
    "originalRoute": "23 AFP Route Juan C",
    "originalTech": "Juan C"
  },
  {
    "customerNumber": "A-038360",
    "accountName": "Point East II Condominium",
    "address": "2895 Point East Drive",
    "city": "North Miami Beach",
    "state": "FL",
    "zip": "33160",
    "route": "23 AFP Route Juan C",
    "routeTech": "Juan C",
    "daysOfServiceRaw": "Every week on Monday",
    "days": [
      "Monday"
    ],
    "monthlyPrice": 0,
    "oldTerritory": "AFP - Miami Beach",
    "latitude": 25.940011,
    "longitude": -80.1445605,
    "reassigned": false,
    "originalRoute": "23 AFP Route Juan C",
    "originalTech": "Juan C"
  },
  {
    "customerNumber": "A-038365",
    "accountName": "Bayswater Court",
    "address": "2935 N.E. 163rd Street",
    "city": "North Miami Beach",
    "state": "FL",
    "zip": "33160",
    "route": "23 AFP Route Juan C",
    "routeTech": "Juan C",
    "daysOfServiceRaw": "Every week on Monday, Thursday",
    "days": [
      "Monday",
      "Thursday"
    ],
    "monthlyPrice": 0,
    "oldTerritory": "AFP - Miami Beach",
    "latitude": 25.9268068,
    "longitude": -80.14163719999999,
    "reassigned": false,
    "originalRoute": "23 AFP Route Juan C",
    "originalTech": "Juan C"
  },
  {
    "customerNumber": "A-038942",
    "accountName": "The Carriage House Condominium",
    "address": "5401 Collins Avenue",
    "city": "Miami",
    "state": "FL",
    "zip": "33140",
    "route": "23 AFP Route Juan C",
    "routeTech": "Juan C",
    "daysOfServiceRaw": "Every week on Monday, Wednesday, Friday",
    "days": [
      "Monday",
      "Wednesday",
      "Friday"
    ],
    "monthlyPrice": 0,
    "oldTerritory": "AFP - Miami Beach",
    "latitude": 25.8328053,
    "longitude": -80.12079279999999,
    "reassigned": false,
    "originalRoute": "23 AFP Route Juan C",
    "originalTech": "Juan C"
  },
  {
    "customerNumber": "A-051626",
    "accountName": "Golden Pointe HOA",
    "address": "20946 Northeast 37th Avenue",
    "city": "Aventura",
    "state": "FL",
    "zip": "33180",
    "route": "23 AFP Route Juan C",
    "routeTech": "Juan C",
    "daysOfServiceRaw": "Every week on Tuesday, Friday",
    "days": [
      "Tuesday",
      "Friday"
    ],
    "monthlyPrice": 0,
    "oldTerritory": "AFP - NW Miami",
    "latitude": 25.9712504,
    "longitude": -80.1269334,
    "reassigned": false,
    "originalRoute": "23 AFP Route Juan C",
    "originalTech": "Juan C"
  },
  {
    "customerNumber": "A-062659",
    "accountName": "Aidone LLC",
    "address": "1550 Meridian Avenue",
    "city": "Miami Beach",
    "state": "FL",
    "zip": "33139",
    "route": "23 AFP Route Juan C",
    "routeTech": "Juan C",
    "daysOfServiceRaw": "Every week on Thursday",
    "days": [
      "Thursday"
    ],
    "monthlyPrice": 0,
    "oldTerritory": "AFP - Miami Beach",
    "latitude": 25.7884415,
    "longitude": -80.1367741,
    "reassigned": false,
    "originalRoute": "23 AFP Route Juan C",
    "originalTech": "Juan C"
  },
  {
    "customerNumber": "A-069080",
    "accountName": "Point East One Condominium",
    "address": "2980 Point East Drive",
    "city": "Aventura",
    "state": "FL",
    "zip": "33160",
    "route": "23 AFP Route Juan C",
    "routeTech": "Juan C",
    "daysOfServiceRaw": "Every week on Monday, Wednesday, Friday",
    "days": [
      "Monday",
      "Wednesday",
      "Friday"
    ],
    "monthlyPrice": 0,
    "oldTerritory": "AFP - Miami Beach",
    "latitude": 25.9409976,
    "longitude": -80.14083819999999,
    "reassigned": false,
    "originalRoute": "23 AFP Route Juan C",
    "originalTech": "Juan C"
  },
  {
    "customerNumber": "A-037217",
    "accountName": "Brickell 25",
    "address": "145 S.E. 25th Road",
    "city": "Miami",
    "state": "FL",
    "zip": "33131",
    "route": "23 AFP Route Juan C",
    "routeTech": "Juan C",
    "daysOfServiceRaw": "Every week on Monday",
    "days": [
      "Monday"
    ],
    "monthlyPrice": 0,
    "oldTerritory": "AFP - Downtown Miami",
    "latitude": 25.7498564,
    "longitude": -80.20154149999999,
    "originalRoute": "11 AFP Route Honatann B",
    "originalTech": "Honatann B",
    "reassigned": true
  },
  {
    "customerNumber": "A-037847",
    "accountName": "Key Biscayne Ambassador Condo",
    "address": "575 Crandon Boulevard",
    "city": "Key Biscayne",
    "state": "FL",
    "zip": "33149",
    "route": "23 AFP Route Juan C",
    "routeTech": "Juan C",
    "daysOfServiceRaw": "Every week on Monday",
    "days": [
      "Monday"
    ],
    "monthlyPrice": 0,
    "oldTerritory": "AFP - Key Biscayne",
    "latitude": 25.690744,
    "longitude": -80.1631053,
    "originalRoute": "11 AFP Route Honatann B",
    "originalTech": "Honatann B",
    "reassigned": true
  },
  {
    "customerNumber": "A-068327",
    "accountName": "1111 Brickell-Fountain",
    "address": "1111 Brickell Avenue",
    "city": "Miami",
    "state": "FL",
    "zip": "33131",
    "route": "23 AFP Route Juan C",
    "routeTech": "Juan C",
    "daysOfServiceRaw": "Every week on Thursday",
    "days": [
      "Thursday"
    ],
    "monthlyPrice": 0,
    "oldTerritory": "AFP - Downtown Miami",
    "latitude": 25.7626943,
    "longitude": -80.1908639,
    "originalRoute": "11 AFP Route Honatann B",
    "originalTech": "Honatann B",
    "reassigned": true
  },
  {
    "customerNumber": "A-037223",
    "accountName": "Lofts At Mayfair",
    "address": "3339 Virginia Street",
    "city": "Miami",
    "state": "FL",
    "zip": "33133",
    "route": "23 AFP Route Juan C",
    "routeTech": "Juan C",
    "daysOfServiceRaw": "Every week on Tuesday",
    "days": [
      "Tuesday"
    ],
    "monthlyPrice": 0,
    "oldTerritory": "AFP - SW Miami",
    "latitude": 25.7292736,
    "longitude": -80.2413442,
    "originalRoute": "14 AFP Route Jorge A",
    "originalTech": "Jorge A",
    "reassigned": true
  },
  {
    "customerNumber": "A-037600",
    "accountName": "Cachicamo Llc",
    "address": "3200 Mary Street",
    "city": "Miami",
    "state": "FL",
    "zip": "33133",
    "route": "23 AFP Route Juan C",
    "routeTech": "Juan C",
    "daysOfServiceRaw": "Every week on Tuesday",
    "days": [
      "Tuesday"
    ],
    "monthlyPrice": 0,
    "oldTerritory": "AFP - SW Miami",
    "latitude": 25.7315817,
    "longitude": -80.2399216,
    "originalRoute": "14 AFP Route Jorge A",
    "originalTech": "Jorge A",
    "reassigned": true
  },
  {
    "customerNumber": "A-037842",
    "accountName": "8067 Apartments LLC",
    "address": "8067 S.W. 73rd Avenue",
    "city": "Miami",
    "state": "FL",
    "zip": "33143",
    "route": "23 AFP Route Juan C",
    "routeTech": "Juan C",
    "daysOfServiceRaw": "Every week on Tuesday",
    "days": [
      "Tuesday"
    ],
    "monthlyPrice": 0,
    "oldTerritory": "AFP - SW Miami",
    "latitude": 25.6951001,
    "longitude": -80.3109976,
    "originalRoute": "14 AFP Route Jorge A",
    "originalTech": "Jorge A",
    "reassigned": true
  },
  {
    "customerNumber": "A-069107",
    "accountName": "Grove Loft Condominium Inc",
    "address": "3062 Bird Avenue",
    "city": "Miami",
    "state": "FL",
    "zip": "33133",
    "route": "23 AFP Route Juan C",
    "routeTech": "Juan C",
    "daysOfServiceRaw": "Every week on Tuesday",
    "days": [
      "Tuesday"
    ],
    "monthlyPrice": 0,
    "oldTerritory": "AFP - SW Miami",
    "latitude": 25.7351448,
    "longitude": -80.2431338,
    "originalRoute": "14 AFP Route Jorge A",
    "originalTech": "Jorge A",
    "reassigned": true
  },
  {
    "customerNumber": "A-054124",
    "accountName": "Traymore Hotel",
    "address": "2445 Collins Avenue",
    "city": "Miami Beach",
    "state": "FL",
    "zip": "33140",
    "route": "23 AFP Route Juan C",
    "routeTech": "Juan C",
    "daysOfServiceRaw": "MISSING",
    "days": [
      "Unknown"
    ],
    "monthlyPrice": 0,
    "oldTerritory": "AFP - Miami Beach",
    "latitude": 25.8004102,
    "longitude": -80.1261529,
    "originalRoute": "28 AFP Route Jean D",
    "originalTech": "Jean D",
    "reassigned": true
  },
  {
    "customerNumber": "A-037616",
    "accountName": "Coinco Investment Co. Inc.",
    "address": "7801 North Bay Shore Drive",
    "city": "Miami",
    "state": "FL",
    "zip": "33138",
    "route": "23 AFP Route Juan C",
    "routeTech": "Juan C",
    "daysOfServiceRaw": "Every week on Tuesday",
    "days": [
      "Tuesday"
    ],
    "monthlyPrice": 0,
    "oldTerritory": "AFP - Downtown Miami",
    "latitude": 25.8465715,
    "longitude": -80.17395119999999,
    "originalRoute": "8 AFP Route Spartacus P",
    "originalTech": "Spartacus P",
    "reassigned": true
  },
  {
    "customerNumber": "A-036104",
    "accountName": "Villa Medici",
    "address": "1033 Northeast 17th Way",
    "city": "Fort Lauderdale",
    "state": "FL",
    "zip": "33304",
    "route": "25 AFP Route Carlos S",
    "routeTech": "Carlos S",
    "daysOfServiceRaw": "Every week on Monday, Wednesday, Friday",
    "days": [
      "Monday",
      "Wednesday",
      "Friday"
    ],
    "monthlyPrice": 0,
    "oldTerritory": "AFP - West Broward",
    "latitude": 26.1387722,
    "longitude": -80.12453889999999,
    "reassigned": false,
    "originalRoute": "25 AFP Route Carlos S",
    "originalTech": "Carlos S"
  },
  {
    "customerNumber": "A-036138",
    "accountName": "Long Lake Ranches West",
    "address": "3181 Birch Terrace",
    "city": "Davie",
    "state": "FL",
    "zip": "33330",
    "route": "25 AFP Route Carlos S",
    "routeTech": "Carlos S",
    "daysOfServiceRaw": "Every week on Monday, Wednesday, Friday",
    "days": [
      "Monday",
      "Wednesday",
      "Friday"
    ],
    "monthlyPrice": 0,
    "oldTerritory": "AFP - West Broward",
    "latitude": 26.0792266,
    "longitude": -80.2995547,
    "reassigned": false,
    "originalRoute": "25 AFP Route Carlos S",
    "originalTech": "Carlos S"
  },
  {
    "customerNumber": "A-037136",
    "accountName": "Anchor Bay Club Condominium",
    "address": "300 Three Island Boulevard",
    "city": "Hallandale",
    "state": "FL",
    "zip": "33009",
    "route": "25 AFP Route Carlos S",
    "routeTech": "Carlos S",
    "daysOfServiceRaw": "Every week on Monday",
    "days": [
      "Monday"
    ],
    "monthlyPrice": 0,
    "oldTerritory": "AFP - West Broward",
    "latitude": 25.9904184,
    "longitude": -80.12539579999999,
    "reassigned": false,
    "originalRoute": "25 AFP Route Carlos S",
    "originalTech": "Carlos S"
  },
  {
    "customerNumber": "A-037326",
    "accountName": "Catalina Townhomes",
    "address": "288 N.E. 200th Terrace",
    "city": "North Miami Beach",
    "state": "FL",
    "zip": "33179",
    "route": "25 AFP Route Carlos S",
    "routeTech": "Carlos S",
    "daysOfServiceRaw": "Every week on Monday, Wednesday, Friday",
    "days": [
      "Monday",
      "Wednesday",
      "Friday"
    ],
    "monthlyPrice": 0,
    "oldTerritory": "AFP - NW Miami",
    "latitude": 25.9593977,
    "longitude": -80.1959349,
    "reassigned": false,
    "originalRoute": "25 AFP Route Carlos S",
    "originalTech": "Carlos S"
  },
  {
    "customerNumber": "A-037945",
    "accountName": "The Fairways Apartments, Inc.",
    "address": "400 N.E. 14th Avenue",
    "city": "Hallandale Beach",
    "state": "FL",
    "zip": "33009",
    "route": "25 AFP Route Carlos S",
    "routeTech": "Carlos S",
    "daysOfServiceRaw": "Every week on Monday",
    "days": [
      "Monday"
    ],
    "monthlyPrice": 0,
    "oldTerritory": "AFP - West Broward",
    "latitude": 25.9906255,
    "longitude": -80.1341003,
    "reassigned": false,
    "originalRoute": "25 AFP Route Carlos S",
    "originalTech": "Carlos S"
  },
  {
    "customerNumber": "A-037948",
    "accountName": "121 Golden Condo",
    "address": "121 Golden Isle Drive",
    "city": "Hallandale",
    "state": "FL",
    "zip": "33009",
    "route": "25 AFP Route Carlos S",
    "routeTech": "Carlos S",
    "daysOfServiceRaw": "Every week on Tuesday",
    "days": [
      "Tuesday"
    ],
    "monthlyPrice": 0,
    "oldTerritory": "AFP - West Broward",
    "latitude": 25.9823581,
    "longitude": -80.1233553,
    "reassigned": false,
    "originalRoute": "25 AFP Route Carlos S",
    "originalTech": "Carlos S"
  },
  {
    "customerNumber": "A-039060",
    "accountName": "Hampshire Homes",
    "address": "9985 West Daffodil Lane",
    "city": "Miramar",
    "state": "FL",
    "zip": "33025",
    "route": "25 AFP Route Carlos S",
    "routeTech": "Carlos S",
    "daysOfServiceRaw": "Every week on Monday, Wednesday, Friday",
    "days": [
      "Monday",
      "Wednesday",
      "Friday"
    ],
    "monthlyPrice": 0,
    "oldTerritory": "AFP - West Broward",
    "latitude": 25.9763939,
    "longitude": -80.2767449,
    "reassigned": false,
    "originalRoute": "25 AFP Route Carlos S",
    "originalTech": "Carlos S"
  },
  {
    "customerNumber": "A-044993",
    "accountName": "Edgewater Condo",
    "address": "400  North Surf Road",
    "city": "Hollywood",
    "state": "FL",
    "zip": "33019",
    "route": "25 AFP Route Carlos S",
    "routeTech": "Carlos S",
    "daysOfServiceRaw": "Every week on Tuesday, Friday",
    "days": [
      "Tuesday",
      "Friday"
    ],
    "monthlyPrice": 0,
    "oldTerritory": "AFP - West Broward",
    "latitude": 26.0147284,
    "longitude": -80.1156812,
    "reassigned": false,
    "originalRoute": "25 AFP Route Carlos S",
    "originalTech": "Carlos S"
  },
  {
    "customerNumber": "A-047271",
    "accountName": "Motel 6 Ft Lauderdale",
    "address": "1801 West State Road 84",
    "city": "Fort Lauderdale",
    "state": "FL",
    "zip": "33315",
    "route": "25 AFP Route Carlos S",
    "routeTech": "Carlos S",
    "daysOfServiceRaw": "Every week on Monday, Tuesday, Thursday, Friday",
    "days": [
      "Monday",
      "Tuesday",
      "Thursday",
      "Friday"
    ],
    "monthlyPrice": 0,
    "oldTerritory": "AFP - West Broward",
    "latitude": 26.0903356,
    "longitude": -80.1643133,
    "reassigned": false,
    "originalRoute": "25 AFP Route Carlos S",
    "originalTech": "Carlos S"
  },
  {
    "customerNumber": "A-051245",
    "accountName": "Bay Place Condo",
    "address": "2420 Diana Drive",
    "city": "Hallandale Beach",
    "state": "FL",
    "zip": "33009",
    "route": "25 AFP Route Carlos S",
    "routeTech": "Carlos S",
    "daysOfServiceRaw": "MISSING",
    "days": [
      "Unknown",
      "Tuesday",
      "Thursday"
    ],
    "monthlyPrice": 0,
    "oldTerritory": "AFP - West Broward",
    "latitude": 25.9850444,
    "longitude": -80.1247485,
    "reassigned": false,
    "originalRoute": "25 AFP Route Carlos S",
    "originalTech": "Carlos S"
  },
  {
    "customerNumber": "A-054866",
    "accountName": "AHF-Broward Village",
    "address": "2275 West State Road 84",
    "city": "Fort Lauderdale",
    "state": "FL",
    "zip": "33312",
    "route": "25 AFP Route Carlos S",
    "routeTech": "Carlos S",
    "daysOfServiceRaw": "Every week on Tuesday, Thursday",
    "days": [
      "Tuesday",
      "Thursday"
    ],
    "monthlyPrice": 0,
    "oldTerritory": "AFP - West Broward",
    "latitude": 26.0886668,
    "longitude": -80.1715066,
    "reassigned": false,
    "originalRoute": "25 AFP Route Carlos S",
    "originalTech": "Carlos S"
  },
  {
    "customerNumber": "A-062054",
    "accountName": "Riviera Park MHC",
    "address": "19900 Northwest 37th Avenue",
    "city": "Miami Gardens",
    "state": "FL",
    "zip": "33056",
    "route": "25 AFP Route Carlos S",
    "routeTech": "Carlos S",
    "daysOfServiceRaw": "Every week on Tuesday, Thursday",
    "days": [
      "Tuesday",
      "Thursday"
    ],
    "monthlyPrice": 0,
    "oldTerritory": "AFP - NW Miami",
    "latitude": 25.9557504,
    "longitude": -80.2634941,
    "reassigned": false,
    "originalRoute": "25 AFP Route Carlos S",
    "originalTech": "Carlos S"
  },
  {
    "customerNumber": "A-066422",
    "accountName": "AHF- The Village at New River",
    "address": "1700 West Broward Boulevard",
    "city": "Fort Lauderdale",
    "state": "FL",
    "zip": "33312",
    "route": "25 AFP Route Carlos S",
    "routeTech": "Carlos S",
    "daysOfServiceRaw": "Every week on Tuesday, Thursday",
    "days": [
      "Tuesday",
      "Thursday"
    ],
    "monthlyPrice": 0,
    "oldTerritory": "AFP - West Broward",
    "latitude": 26.1215458,
    "longitude": -80.1647867,
    "reassigned": false,
    "originalRoute": "25 AFP Route Carlos S",
    "originalTech": "Carlos S"
  },
  {
    "customerNumber": "A-069113",
    "accountName": "Stadium Hotel",
    "address": "21485 Northwest 27th Avenue",
    "city": "Miami Gardens",
    "state": "FL",
    "zip": "33056",
    "route": "25 AFP Route Carlos S",
    "routeTech": "Carlos S",
    "daysOfServiceRaw": "Every week on Tuesday, Thursday",
    "days": [
      "Tuesday",
      "Thursday"
    ],
    "monthlyPrice": 0,
    "oldTerritory": "AFP - NW Miami",
    "latitude": 25.9711988,
    "longitude": -80.24501269999999,
    "reassigned": false,
    "originalRoute": "25 AFP Route Carlos S",
    "originalTech": "Carlos S"
  },
  {
    "customerNumber": "A-052091",
    "accountName": "Canterbury Apartments Association",
    "address": "2186 Northeast 56th Street",
    "city": "Fort Lauderdale",
    "state": "FL",
    "zip": "33308",
    "route": "25 AFP Route Carlos S",
    "routeTech": "Carlos S",
    "daysOfServiceRaw": "Every week on Thursday",
    "days": [
      "Thursday"
    ],
    "monthlyPrice": 0,
    "oldTerritory": "AFP - West Broward",
    "latitude": 26.196432,
    "longitude": -80.114958,
    "originalRoute": "Unassigned",
    "originalTech": "Unassigned",
    "reassigned": true
  },
  {
    "customerNumber": "A-038485",
    "accountName": "Groves at Sunset",
    "address": "8818 S.W. 72nd Street",
    "city": "Miami",
    "state": "FL",
    "zip": "33173",
    "route": "25 AFP Route Carlos S",
    "routeTech": "Carlos S",
    "daysOfServiceRaw": "Every week on Monday",
    "days": [
      "Monday"
    ],
    "monthlyPrice": 0,
    "oldTerritory": "AFP - SW Miami",
    "latitude": 25.7011384,
    "longitude": -80.33628070000002,
    "originalRoute": "14 AFP Route Jorge A",
    "originalTech": "Jorge A",
    "reassigned": true
  },
  {
    "customerNumber": "A-038487",
    "accountName": "Casa Granada Condo Association (PP Speak with Diana before any new work)",
    "address": "8701 S.W. 141st Street",
    "city": "Miami",
    "state": "FL",
    "zip": "33176",
    "route": "25 AFP Route Carlos S",
    "routeTech": "Carlos S",
    "daysOfServiceRaw": "Every week on Monday",
    "days": [
      "Monday"
    ],
    "monthlyPrice": 0,
    "oldTerritory": "AFP - SW Miami",
    "latitude": 25.6395938,
    "longitude": -80.3348618,
    "originalRoute": "14 AFP Route Jorge A",
    "originalTech": "Jorge A",
    "reassigned": true
  },
  {
    "customerNumber": "A-067753",
    "accountName": "Clean Real Estate Investments Corp",
    "address": "400 Sunny Isles Boulevard #605",
    "city": "Sunny Isles Beach",
    "state": "FL",
    "zip": "33160",
    "route": "25 AFP Route Carlos S",
    "routeTech": "Carlos S",
    "daysOfServiceRaw": "Every week on Monday",
    "days": [
      "Monday"
    ],
    "monthlyPrice": 0,
    "oldTerritory": "AFP - Miami Beach",
    "latitude": 25.9292381,
    "longitude": -80.12857799999999,
    "originalRoute": "2 AFP Route William A",
    "originalTech": "William A",
    "reassigned": true
  },
  {
    "customerNumber": "A-067915",
    "accountName": "Bora Apartments",
    "address": "550 Northwest 51st Avenue",
    "city": "Miami",
    "state": "FL",
    "zip": "33126",
    "route": "25 AFP Route Carlos S",
    "routeTech": "Carlos S",
    "daysOfServiceRaw": "Every week on Monday, Friday",
    "days": [
      "Monday",
      "Friday"
    ],
    "monthlyPrice": 0,
    "oldTerritory": "AFP - Downtown Miami",
    "latitude": 25.7776646,
    "longitude": -80.2785727,
    "originalRoute": "Unassigned",
    "originalTech": "Unassigned",
    "reassigned": true
  },
  {
    "customerNumber": "A-067479",
    "accountName": "Blume Coral Gables",
    "address": "1501 Southwest 37th Avenue",
    "city": "Miami",
    "state": "FL",
    "zip": "33145",
    "route": "25 AFP Route Carlos S",
    "routeTech": "Carlos S",
    "daysOfServiceRaw": "Every week on Monday, Friday",
    "days": [
      "Monday",
      "Friday"
    ],
    "monthlyPrice": 0,
    "oldTerritory": "AFP - SW Miami",
    "latitude": 25.7576368,
    "longitude": -80.2545221,
    "originalRoute": "14 AFP Route Jorge A",
    "originalTech": "Jorge A",
    "reassigned": true
  },
  {
    "customerNumber": "A-037929",
    "accountName": "Von-wedel Montessori School",
    "address": "11820 N.E. 13th Avenue",
    "city": "Miami",
    "state": "FL",
    "zip": "33161",
    "route": "25 AFP Route Carlos S",
    "routeTech": "Carlos S",
    "daysOfServiceRaw": "Every week on Monday, Thursday",
    "days": [
      "Monday",
      "Thursday"
    ],
    "monthlyPrice": 0,
    "oldTerritory": "AFP - NW Miami",
    "latitude": 25.8842008,
    "longitude": -80.17259729999999,
    "originalRoute": "8 AFP Route Spartacus P",
    "originalTech": "Spartacus P",
    "reassigned": true
  },
  {
    "customerNumber": "A-038505",
    "accountName": "Siboney Gardens",
    "address": "1955 NE 135 STREET",
    "city": "North Miami",
    "state": "FL",
    "zip": "33181",
    "route": "25 AFP Route Carlos S",
    "routeTech": "Carlos S",
    "daysOfServiceRaw": "Every week on Tuesday, Thursday",
    "days": [
      "Tuesday",
      "Thursday"
    ],
    "monthlyPrice": 0,
    "oldTerritory": "AFP - NW Miami",
    "latitude": 25.9003318,
    "longitude": -80.1588654,
    "originalRoute": "8 AFP Route Spartacus P",
    "originalTech": "Spartacus P",
    "reassigned": true
  },
  {
    "customerNumber": "A-037227",
    "accountName": "Grove Towers",
    "address": "2843 South Bayshore Drive",
    "city": "Coconut Grove",
    "state": "FL",
    "zip": "33133",
    "route": "25 AFP Route Carlos S",
    "routeTech": "Carlos S",
    "daysOfServiceRaw": "Every week on Monday",
    "days": [
      "Monday",
      "Tuesday",
      "Friday"
    ],
    "monthlyPrice": 0,
    "oldTerritory": "AFP - SW Miami",
    "latitude": 25.728269,
    "longitude": -80.2388886,
    "originalRoute": "14 AFP Route Jorge A",
    "originalTech": "Jorge A",
    "reassigned": true
  },
  {
    "customerNumber": "A-067370",
    "accountName": "Gleneagles Apartments",
    "address": "17680 Northwest 67th Avenue",
    "city": "Miami Gardens",
    "state": "FL",
    "zip": "33015",
    "route": "25 AFP Route Carlos S",
    "routeTech": "Carlos S",
    "daysOfServiceRaw": "Every week on Monday, Wednesday, Friday",
    "days": [
      "Monday",
      "Wednesday",
      "Friday"
    ],
    "monthlyPrice": 0,
    "oldTerritory": "AFP - NW Miami",
    "latitude": 25.9339877,
    "longitude": -80.3111279,
    "originalRoute": "14 AFP Route Jorge A",
    "originalTech": "Jorge A",
    "reassigned": true
  }
]